{"type":"excalidraw","version":2,"elements":[{"type":"rectangle","version":411,"versionNonce":1083734693,"isDeleted":false,"id":"Nx_6ACJaaueNh0fTsVZeh","fillStyle":"hachure","strokeWidth":1,"strokeStyle":"solid","roughness":1,"opacity":100,"angle":0,"x":93,"y":-184,"strokeColor":"#000000","backgroundColor":"#fa5252","width":247,"height":138,"seed":679323330,"groupIds":[],"strokeSharpness":"sharp","boundElements":[],"updated":1656641902124,"link":null},{"type":"arrow","version":626,"versionNonce":255700523,"isDeleted":false,"id":"2bmK1AKg9yVMP6CO_U6Ke","fillStyle":"hachure","strokeWidth":1,"strokeStyle":"solid","roughness":1,"opacity":100,"angle":0,"x":327.2786885245902,"y":-111.76901653802693,"strokeColor":"#000000","backgroundColor":"#fa5252","width":260.72131147540983,"height":33.76901653802693,"seed":1265574494,"groupIds":[],"strokeSharpness":"round","boundElements":[],"updated":1656641902124,"link":null,"lastCommittedPoint":null,"startArrowhead":null,"endArrowhead":"arrow","points":[[0,0],[260.72131147540983,33.76901653802693]],"startBinding":{"elementId":"CdlqC6FutWnAhFgUa4-tK","focus":-0.23627802201117132,"gap":12.951729569366307}},{"type":"ellipse","version":402,"versionNonce":1331420677,"isDeleted":false,"id":"TOmE_26Ye9b_m_TKfWU45","fillStyle":"hachure","strokeWidth":1,"strokeStyle":"solid","roughness":1,"opacity":100,"angle":0,"x":524,"y":-160,"strokeColor":"#000000","backgroundColor":"#228be6","width":203,"height":191,"seed":77588894,"groupIds":[],"strokeSharpness":"sharp","boundElements":[],"updated":1656641902124,"link":null},{"type":"text","version":464,"versionNonce":161522001,"isDeleted":false,"id":"K5CjVJa8vYzQ8LDOdH-av","fillStyle":"hachure","strokeWidth":1,"strokeStyle":"solid","roughness":1,"opacity":100,"angle":0,"x":413.5,"y":-160,"strokeColor":"#000000","backgroundColor":"#228be6","width":40,"height":null,"seed":317664926,"groupIds":[],"strokeSharpness":"sharp","boundElements":[],"updated":1699242877478,"link":null,"fontSize":20,"fontFamily":1,"text":"转换","baseline":18,"textAlign":"left","verticalAlign":"top","containerId":null,"originalText":"转换"},{"type":"diamond","version":377,"versionNonce":714855781,"isDeleted":false,"id":"rZ0DKhdiE-mys9orY2M7Y","fillStyle":"solid","strokeWidth":1,"strokeStyle":"solid","roughness":1,"opacity":100,"angle":0,"x":418,"y":-124,"strokeColor":"#000000","backgroundColor":"#228be6","width":31,"height":37,"seed":401619102,"groupIds":[],"strokeSharpness":"sharp","boundElements":[],"updated":1656641902124,"link":null},{"type":"line","version":440,"versionNonce":1036148587,"isDeleted":false,"id":"gWzx0Ka27J2gQYsjliI5u","fillStyle":"solid","strokeWidth":1,"strokeStyle":"dashed","roughness":1,"opacity":100,"angle":0,"x":230,"y":-49,"strokeColor":"#000000","backgroundColor":"#228be6","width":124,"height":113,"seed":668475458,"groupIds":[],"strokeSharpness":"round","boundElements":[],"updated":1656641902124,"link":null,"lastCommittedPoint":null,"startArrowhead":null,"endArrowhead":null,"points":[[0,0],[124,113]]},{"type":"rectangle","version":420,"versionNonce":1034281157,"isDeleted":false,"id":"vPXlTlCV6XiWRo8z596tY","fillStyle":"cross-hatch","strokeWidth":1,"strokeStyle":"dotted","roughness":1,"opacity":100,"angle":0,"x":352,"y":49,"strokeColor":"#2b8a3e","backgroundColor":"#e6ffc8","width":144,"height":115,"seed":1313295006,"groupIds":[],"strokeSharpness":"sharp","boundElements":[],"updated":1656641902124,"link":null},{"type":"text","version":565,"versionNonce":1462868031,"isDeleted":false,"id":"NlWoiu7QFiUGoGhxxFDQz","fillStyle":"hachure","strokeWidth":1,"strokeStyle":"solid","roughness":1,"opacity":100,"angle":0,"x":374,"y":56,"strokeColor":"#2b8a3e","backgroundColor":"#228be6","width":54.7265625,"height":null,"seed":146698370,"groupIds":[],"strokeSharpness":"sharp","boundElements":[],"updated":1699242877480,"link":null,"fontSize":20,"fontFamily":1,"text":"列表 :\n- one\n- two","baseline":62,"textAlign":"left","verticalAlign":"top","containerId":null,"originalText":"列表 :\n- one\n- two"},{"type":"diamond","version":458,"versionNonce":773292069,"isDeleted":false,"id":"4tqMpG7kcfLvu81ba12UQ","fillStyle":"solid","strokeWidth":1,"strokeStyle":"solid","roughness":1,"opacity":100,"angle":5.899784582143685,"x":366.37319488867206,"y":-67.3057698147586,"strokeColor":"#000000","backgroundColor":"#fa5252","width":104.0405522208337,"height":74.00000000000001,"seed":1677737711,"groupIds":[],"strokeSharpness":"sharp","boundElements":[],"updated":1656641902124,"link":null},{"type":"rectangle","version":515,"versionNonce":20693163,"isDeleted":false,"id":"79D3L3LhxNNySkbKD3Bia","fillStyle":"hachure","strokeWidth":1,"strokeStyle":"solid","roughness":1,"opacity":100,"angle":0.42451911970089906,"x":562.7715111234793,"y":68.96655309088374,"strokeColor":"#000000","backgroundColor":"#fa5252","width":128.50676566765082,"height":63,"seed":1447260752,"groupIds":[],"strokeSharpness":"sharp","boundElements":[],"updated":1656641902124,"link":null},{"type":"diamond","version":600,"versionNonce":299774853,"isDeleted":false,"id":"ffrisBNjK3DyL4MRqDVUM","fillStyle":"solid","strokeWidth":1,"strokeStyle":"solid","roughness":1,"opacity":100,"angle":0.3893167218331426,"x":104.86554713562089,"y":-16.146192996644913,"strokeColor":"#000000","backgroundColor":"#15aabf","width":87.26890572875811,"height":46.29238599328972,"seed":63592112,"groupIds":[],"strokeSharpness":"sharp","boundElements":[],"updated":1656641902124,"link":null},{"type":"rectangle","version":756,"versionNonce":687108939,"isDeleted":false,"id":"wxvV5tzdo2p3m4nBQf_fI","fillStyle":"hachure","strokeWidth":1,"strokeStyle":"solid","roughness":1,"opacity":100,"angle":5.997855886997452,"x":173.74789364500919,"y":102.3561760950281,"strokeColor":"#000000","backgroundColor":"#fab005","width":123.50421270998135,"height":35.287647809943806,"seed":1439819952,"groupIds":[],"strokeSharpness":"sharp","boundElements":[],"updated":1656641902124,"link":null},{"type":"line","version":404,"versionNonce":1698134757,"isDeleted":false,"id":"i2pQf0tOL1I7RZA6fHNXy","fillStyle":"cross-hatch","strokeWidth":1,"strokeStyle":"dotted","roughness":1,"opacity":100,"angle":0.3264344116289468,"x":212,"y":-14,"strokeColor":"#a61e4d","backgroundColor":"#fab005","width":71,"height":80,"seed":969735782,"groupIds":[],"strokeSharpness":"sharp","boundElements":[],"updated":1656641902124,"link":null,"lastCommittedPoint":null,"startArrowhead":null,"endArrowhead":null,"points":[[0,0],[2,16],[12,40],[20,51],[36,64],[71,80]]},{"type":"line","version":413,"versionNonce":1212010987,"isDeleted":false,"id":"zTcY1DmmmEqtM7iaFOjI2","fillStyle":"cross-hatch","strokeWidth":1,"strokeStyle":"solid","roughness":1,"opacity":100,"angle":0,"x":107,"y":91,"strokeColor":"#087f5b","backgroundColor":"#fab005","width":81,"height":33,"seed":1314441594,"groupIds":[],"strokeSharpness":"sharp","boundElements":[],"updated":1656641902125,"link":null,"lastCommittedPoint":null,"startArrowhead":null,"endArrowhead":null,"points":[[0,0],[6,-22],[12,-29],[21,-30],[24,-29],[33,-17],[36,1],[37,2],[45,-29],[48,-29],[53,-31],[58,-31],[72,-23],[81,-8],[81,-4]]},{"type":"rectangle","version":705,"versionNonce":1085331013,"isDeleted":false,"id":"UqrOMUkW8i5NCxQf_EDc9","fillStyle":"hachure","strokeWidth":1,"strokeStyle":"solid","roughness":1,"opacity":100,"angle":0.11809202841909539,"x":273.3330910264575,"y":182.66279952417335,"strokeColor":"#000000","backgroundColor":"#be4bdb","width":90.33381794708485,"height":87.67440095165314,"seed":1466118630,"groupIds":[],"strokeSharpness":"sharp","boundElements":[],"updated":1656641902125,"link":null},{"type":"diamond","version":697,"versionNonce":2251915,"isDeleted":false,"id":"06wK4k0VHVo3nl3maFgBt","fillStyle":"solid","strokeWidth":1,"strokeStyle":"solid","roughness":1,"opacity":100,"angle":5.137516099543635,"x":436.41738815890335,"y":203.61371445798545,"strokeColor":"#000000","backgroundColor":"#4c6ef5","width":80.89200154670186,"height":77.42001777890613,"seed":1789348282,"groupIds":[],"strokeSharpness":"sharp","boundElements":[],"updated":1656641902125,"link":null},{"type":"text","version":462,"versionNonce":545410865,"isDeleted":false,"id":"FExeJRXagFlMKEpW4ApvL","fillStyle":"cross-hatch","strokeWidth":1,"strokeStyle":"dotted","roughness":1,"opacity":100,"angle":5.9094584872140326,"x":119.8506057483781,"y":198.14344724477695,"strokeColor":"#d9480f","backgroundColor":"#4c6ef5","width":79.99993896484375,"height":null,"seed":152285754,"groupIds":[],"strokeSharpness":"sharp","boundElements":[],"updated":1699242877481,"link":null,"fontSize":20,"fontFamily":2,"text":"旋转文字","baseline":23,"textAlign":"left","verticalAlign":"top","containerId":null,"originalText":"旋转文字"},{"type":"arrow","version":601,"versionNonce":1818006315,"isDeleted":false,"id":"n7nmJZmGCpL1a6l1TdMeX","fillStyle":"hachure","strokeWidth":1,"strokeStyle":"solid","roughness":1,"opacity":100,"angle":0,"x":603.1576551164967,"y":147.6957163378038,"strokeColor":"#000000","backgroundColor":"#fa5252","width":78.65765511649664,"height":75.30428366219626,"seed":925954106,"groupIds":[],"strokeSharpness":"round","boundElements":[],"updated":1656641902125,"link":null,"lastCommittedPoint":null,"startArrowhead":null,"endArrowhead":"arrow","points":[[0,0],[-78.65765511649664,75.30428366219626]]},{"type":"text","version":449,"versionNonce":1525823583,"isDeleted":false,"id":"lU3Msnm2CTXBHi8Pzef0C","fillStyle":"cross-hatch","strokeWidth":1,"strokeStyle":"dotted","roughness":1,"opacity":100,"angle":0,"x":592.5,"y":201,"strokeColor":"#000000","backgroundColor":"#4c6ef5","width":156.17181396484375,"height":null,"seed":1839996922,"groupIds":[],"strokeSharpness":"sharp","boundElements":[],"updated":1699242877482,"link":null,"fontSize":20,"fontFamily":2,"text":"> 一些代码 blabla","baseline":23,"textAlign":"left","verticalAlign":"top","containerId":null,"originalText":"> 一些代码 blabla"},{"type":"text","version":776,"versionNonce":783499537,"isDeleted":false,"id":"CdlqC6FutWnAhFgUa4-tK","fillStyle":"hachure","strokeWidth":1,"strokeStyle":"solid","roughness":1,"opacity":100,"angle":0,"x":117.32695895522392,"y":-139.9918918918919,"strokeColor":"#c92a2a","backgroundColor":"#228be6","width":196.25,"height":null,"seed":168503609,"groupIds":[],"strokeSharpness":"sharp","boundElements":[{"id":"2bmK1AKg9yVMP6CO_U6Ke","type":"arrow"}],"updated":1699242877483,"link":null,"fontSize":39.25486991656494,"fontFamily":1,"text":"很大的文字","baseline":36,"textAlign":"left","verticalAlign":"top","containerId":null,"originalText":"很大的文字"},{"type":"ellipse","version":543,"versionNonce":269770853,"isDeleted":false,"id":"lQb2o3G3uO-OSzJlv7dQf","fillStyle":"cross-hatch","strokeWidth":1,"strokeStyle":"solid","roughness":1,"opacity":100,"angle":5.987365538640589,"x":566.5,"y":-72.5,"strokeColor":"#000000","backgroundColor":"#7950f2","width":133.00000000000003,"height":58.00000000000001,"seed":617054574,"groupIds":[],"strokeSharpness":"sharp","boundElements":[],"updated":1656641902125,"link":null},{"id":"V6WCKLFm_8aoM-9o_9ay7","type":"rectangle","x":64.65625,"y":304.08473820793574,"width":680,"height":148,"angle":0,"strokeColor":"#000000","backgroundColor":"transparent","fillStyle":"hachure","strokeWidth":1,"strokeStyle":"solid","roughness":1,"opacity":100,"groupIds":[],"strokeSharpness":"sharp","seed":1965117515,"version":1274,"versionNonce":1215274955,"isDeleted":false,"boundElements":[{"type":"text","id":"AvLyfXTcYSAZAfaA9f6dK"}],"updated":1677641268676,"link":null},{"id":"AvLyfXTcYSAZAfaA9f6dK","type":"text","x":69.65625,"y":311.08473820793574,"width":663,"height":138,"angle":0,"strokeColor":"#000000","backgroundColor":"transparent","fillStyle":"hachure","strokeWidth":1,"strokeStyle":"solid","roughness":1,"opacity":100,"groupIds":[],"strokeSharpness":"sharp","seed":1276834309,"version":1352,"versionNonce":1874024037,"isDeleted":false,"boundElements":null,"updated":1677641268688,"link":null,"text":"Nate的小提示\n\n1. 双击编辑文字\n2. 按shift + enter 换行\n3. 画出一个图形后，选中图形，按回车键可以生成和图形绑定的文字输入框\n4. 箭头形状可以连接两个图形边缘，然后可以拖动","fontSize":20,"fontFamily":1,"textAlign":"left","verticalAlign":"top","baseline":133,"containerId":"V6WCKLFm_8aoM-9o_9ay7","originalText":"Nate的小提示\n\n1. 双击编辑文字\n2. 按shift + enter 换行\n3. 画出一个图形后，选中图形，按回车键可以生成和图形绑定的文字输入框\n4. 箭头形状可以连接两个图形边缘，然后可以拖动"}],"files":{},"appState":{"scrollX":255.921875,"scrollY":295.91526179206426,"zoom":{"value":1}}}