{"_meta":"This note has type `canvas`. It uses excalidraw and stores an exported svg alongside.","elements":[{"type":"rectangle","version":411,"versionNonce":1083734693,"isDeleted":false,"id":"Nx_6ACJaaueNh0fTsVZeh","fillStyle":"hachure","strokeWidth":1,"strokeStyle":"solid","roughness":1,"opacity":100,"angle":0,"x":93,"y":-184,"strokeColor":"#000000","backgroundColor":"#fa5252","width":247,"height":138,"seed":679323330,"groupIds":[],"strokeSharpness":"sharp","boundElements":[],"updated":1656641902124,"link":null},{"type":"arrow","version":626,"versionNonce":255700523,"isDeleted":false,"id":"2bmK1AKg9yVMP6CO_U6Ke","fillStyle":"hachure","strokeWidth":1,"strokeStyle":"solid","roughness":1,"opacity":100,"angle":0,"x":327.2786885245902,"y":-111.76901653802693,"strokeColor":"#000000","backgroundColor":"#fa5252","width":260.72131147540983,"height":33.76901653802693,"seed":1265574494,"groupIds":[],"strokeSharpness":"round","boundElements":[],"updated":1656641902124,"link":null,"lastCommittedPoint":null,"startArrowhead":null,"endArrowhead":"arrow","points":[[0,0],[260.72131147540983,33.76901653802693]],"startBinding":{"elementId":"CdlqC6FutWnAhFgUa4-tK","focus":-0.23627802201117132,"gap":12.951729569366307}},{"type":"ellipse","version":402,"versionNonce":1331420677,"isDeleted":false,"id":"TOmE_26Ye9b_m_TKfWU45","fillStyle":"hachure","strokeWidth":1,"strokeStyle":"solid","roughness":1,"opacity":100,"angle":0,"x":524,"y":-160,"strokeColor":"#000000","backgroundColor":"#228be6","width":203,"height":191,"seed":77588894,"groupIds":[],"strokeSharpness":"sharp","boundElements":[],"updated":1656641902124,"link":null},{"type":"text","version":462,"versionNonce":1264365771,"isDeleted":false,"id":"K5CjVJa8vYzQ8LDOdH-av","fillStyle":"hachure","strokeWidth":1,"strokeStyle":"solid","roughness":1,"opacity":100,"angle":0,"x":413.5,"y":-160,"strokeColor":"#000000","backgroundColor":"#228be6","width":41,"height":22,"seed":317664926,"groupIds":[],"strokeSharpness":"sharp","boundElements":[],"updated":1656641902124,"link":null,"fontSize":20,"fontFamily":1,"text":"转换","baseline":18,"textAlign":"left","verticalAlign":"top","containerId":null,"originalText":"转换"},{"type":"diamond","version":377,"versionNonce":714855781,"isDeleted":false,"id":"rZ0DKhdiE-mys9orY2M7Y","fillStyle":"solid","strokeWidth":1,"strokeStyle":"solid","roughness":1,"opacity":100,"angle":0,"x":418,"y":-124,"strokeColor":"#000000","backgroundColor":"#228be6","width":31,"height":37,"seed":401619102,"groupIds":[],"strokeSharpness":"sharp","boundElements":[],"updated":1656641902124,"link":null},{"type":"line","version":440,"versionNonce":1036148587,"isDeleted":false,"id":"gWzx0Ka27J2gQYsjliI5u","fillStyle":"solid","strokeWidth":1,"strokeStyle":"dashed","roughness":1,"opacity":100,"angle":0,"x":230,"y":-49,"strokeColor":"#000000","backgroundColor":"#228be6","width":124,"height":113,"seed":668475458,"groupIds":[],"strokeSharpness":"round","boundElements":[],"updated":1656641902124,"link":null,"lastCommittedPoint":null,"startArrowhead":null,"endArrowhead":null,"points":[[0,0],[124,113]]},{"type":"rectangle","version":420,"versionNonce":1034281157,"isDeleted":false,"id":"vPXlTlCV6XiWRo8z596tY","fillStyle":"cross-hatch","strokeWidth":1,"strokeStyle":"dotted","roughness":1,"opacity":100,"angle":0,"x":352,"y":49,"strokeColor":"#2b8a3e","backgroundColor":"#e6ffc8","width":144,"height":115,"seed":1313295006,"groupIds":[],"strokeSharpness":"sharp","boundElements":[],"updated":1656641902124,"link":null},{"type":"text","version":563,"versionNonce":1085880843,"isDeleted":false,"id":"NlWoiu7QFiUGoGhxxFDQz","fillStyle":"hachure","strokeWidth":1,"strokeStyle":"solid","roughness":1,"opacity":100,"angle":0,"x":374,"y":56,"strokeColor":"#2b8a3e","backgroundColor":"#228be6","width":55,"height":66,"seed":146698370,"groupIds":[],"strokeSharpness":"sharp","boundElements":[],"updated":1656641902124,"link":null,"fontSize":20,"fontFamily":1,"text":"列表 :\n- one\n- two","baseline":62,"textAlign":"left","verticalAlign":"top","containerId":null,"originalText":"列表 :\n- one\n- two"},{"type":"diamond","version":458,"versionNonce":773292069,"isDeleted":false,"id":"4tqMpG7kcfLvu81ba12UQ","fillStyle":"solid","strokeWidth":1,"strokeStyle":"solid","roughness":1,"opacity":100,"angle":5.899784582143685,"x":366.37319488867206,"y":-67.3057698147586,"strokeColor":"#000000","backgroundColor":"#fa5252","width":104.0405522208337,"height":74.00000000000001,"seed":1677737711,"groupIds":[],"strokeSharpness":"sharp","boundElements":[],"updated":1656641902124,"link":null},{"type":"rectangle","version":515,"versionNonce":20693163,"isDeleted":false,"id":"79D3L3LhxNNySkbKD3Bia","fillStyle":"hachure","strokeWidth":1,"strokeStyle":"solid","roughness":1,"opacity":100,"angle":0.42451911970089906,"x":562.7715111234793,"y":68.96655309088374,"strokeColor":"#000000","backgroundColor":"#fa5252","width":128.50676566765082,"height":63,"seed":1447260752,"groupIds":[],"strokeSharpness":"sharp","boundElements":[],"updated":1656641902124,"link":null},{"type":"diamond","version":600,"versionNonce":299774853,"isDeleted":false,"id":"ffrisBNjK3DyL4MRqDVUM","fillStyle":"solid","strokeWidth":1,"strokeStyle":"solid","roughness":1,"opacity":100,"angle":0.3893167218331426,"x":104.86554713562089,"y":-16.146192996644913,"strokeColor":"#000000","backgroundColor":"#15aabf","width":87.26890572875811,"height":46.29238599328972,"seed":63592112,"groupIds":[],"strokeSharpness":"sharp","boundElements":[],"updated":1656641902124,"link":null},{"type":"rectangle","version":756,"versionNonce":687108939,"isDeleted":false,"id":"wxvV5tzdo2p3m4nBQf_fI","fillStyle":"hachure","strokeWidth":1,"strokeStyle":"solid","roughness":1,"opacity":100,"angle":5.997855886997452,"x":173.74789364500919,"y":102.3561760950281,"strokeColor":"#000000","backgroundColor":"#fab005","width":123.50421270998135,"height":35.287647809943806,"seed":1439819952,"groupIds":[],"strokeSharpness":"sharp","boundElements":[],"updated":1656641902124,"link":null},{"type":"line","version":404,"versionNonce":1698134757,"isDeleted":false,"id":"i2pQf0tOL1I7RZA6fHNXy","fillStyle":"cross-hatch","strokeWidth":1,"strokeStyle":"dotted","roughness":1,"opacity":100,"angle":0.3264344116289468,"x":212,"y":-14,"strokeColor":"#a61e4d","backgroundColor":"#fab005","width":71,"height":80,"seed":969735782,"groupIds":[],"strokeSharpness":"sharp","boundElements":[],"updated":1656641902124,"link":null,"lastCommittedPoint":null,"startArrowhead":null,"endArrowhead":null,"points":[[0,0],[2,16],[12,40],[20,51],[36,64],[71,80]]},{"type":"line","version":413,"versionNonce":1212010987,"isDeleted":false,"id":"zTcY1DmmmEqtM7iaFOjI2","fillStyle":"cross-hatch","strokeWidth":1,"strokeStyle":"solid","roughness":1,"opacity":100,"angle":0,"x":107,"y":91,"strokeColor":"#087f5b","backgroundColor":"#fab005","width":81,"height":33,"seed":1314441594,"groupIds":[],"strokeSharpness":"sharp","boundElements":[],"updated":1656641902125,"link":null,"lastCommittedPoint":null,"startArrowhead":null,"endArrowhead":null,"points":[[0,0],[6,-22],[12,-29],[21,-30],[24,-29],[33,-17],[36,1],[37,2],[45,-29],[48,-29],[53,-31],[58,-31],[72,-23],[81,-8],[81,-4]]},{"type":"rectangle","version":705,"versionNonce":1085331013,"isDeleted":false,"id":"UqrOMUkW8i5NCxQf_EDc9","fillStyle":"hachure","strokeWidth":1,"strokeStyle":"solid","roughness":1,"opacity":100,"angle":0.11809202841909539,"x":273.3330910264575,"y":182.66279952417335,"strokeColor":"#000000","backgroundColor":"#be4bdb","width":90.33381794708485,"height":87.67440095165314,"seed":1466118630,"groupIds":[],"strokeSharpness":"sharp","boundElements":[],"updated":1656641902125,"link":null},{"type":"diamond","version":697,"versionNonce":2251915,"isDeleted":false,"id":"06wK4k0VHVo3nl3maFgBt","fillStyle":"solid","strokeWidth":1,"strokeStyle":"solid","roughness":1,"opacity":100,"angle":5.137516099543635,"x":436.41738815890335,"y":203.61371445798545,"strokeColor":"#000000","backgroundColor":"#4c6ef5","width":80.89200154670186,"height":77.42001777890613,"seed":1789348282,"groupIds":[],"strokeSharpness":"sharp","boundElements":[],"updated":1656641902125,"link":null},{"type":"text","version":460,"versionNonce":1028340933,"isDeleted":false,"id":"FExeJRXagFlMKEpW4ApvL","fillStyle":"cross-hatch","strokeWidth":1,"strokeStyle":"dotted","roughness":1,"opacity":100,"angle":5.9094584872140326,"x":119.88511914913457,"y":198.32599100918617,"strokeColor":"#d9480f","backgroundColor":"#4c6ef5","width":81,"height":29,"seed":152285754,"groupIds":[],"strokeSharpness":"sharp","boundElements":[],"updated":1656641926122,"link":null,"fontSize":20,"fontFamily":2,"text":"旋转文字","baseline":23,"textAlign":"left","verticalAlign":"top","containerId":null,"originalText":"旋转文字"},{"type":"arrow","version":601,"versionNonce":1818006315,"isDeleted":false,"id":"n7nmJZmGCpL1a6l1TdMeX","fillStyle":"hachure","strokeWidth":1,"strokeStyle":"solid","roughness":1,"opacity":100,"angle":0,"x":603.1576551164967,"y":147.6957163378038,"strokeColor":"#000000","backgroundColor":"#fa5252","width":78.65765511649664,"height":75.30428366219626,"seed":925954106,"groupIds":[],"strokeSharpness":"round","boundElements":[],"updated":1656641902125,"link":null,"lastCommittedPoint":null,"startArrowhead":null,"endArrowhead":"arrow","points":[[0,0],[-78.65765511649664,75.30428366219626]]},{"type":"text","version":447,"versionNonce":201348773,"isDeleted":false,"id":"lU3Msnm2CTXBHi8Pzef0C","fillStyle":"cross-hatch","strokeWidth":1,"strokeStyle":"dotted","roughness":1,"opacity":100,"angle":0,"x":592.5,"y":201,"strokeColor":"#000000","backgroundColor":"#4c6ef5","width":157,"height":29,"seed":1839996922,"groupIds":[],"strokeSharpness":"sharp","boundElements":[],"updated":1656641921313,"link":null,"fontSize":20,"fontFamily":2,"text":"> 一些代码 blabla","baseline":23,"textAlign":"left","verticalAlign":"top","containerId":null,"originalText":"> 一些代码 blabla"},{"type":"text","version":774,"versionNonce":1297544651,"isDeleted":false,"id":"CdlqC6FutWnAhFgUa4-tK","fillStyle":"hachure","strokeWidth":1,"strokeStyle":"solid","roughness":1,"opacity":100,"angle":0,"x":117.32695895522392,"y":-139.9918918918919,"strokeColor":"#c92a2a","backgroundColor":"#228be6","width":197,"height":44,"seed":168503609,"groupIds":[],"strokeSharpness":"sharp","boundElements":[{"id":"2bmK1AKg9yVMP6CO_U6Ke","type":"arrow"}],"updated":1656641902125,"link":null,"fontSize":39.25486991656494,"fontFamily":1,"text":"很大的文字","baseline":36,"textAlign":"left","verticalAlign":"top","containerId":null,"originalText":"很大的文字"},{"type":"ellipse","version":543,"versionNonce":269770853,"isDeleted":false,"id":"lQb2o3G3uO-OSzJlv7dQf","fillStyle":"cross-hatch","strokeWidth":1,"strokeStyle":"solid","roughness":1,"opacity":100,"angle":5.987365538640589,"x":566.5,"y":-72.5,"strokeColor":"#000000","backgroundColor":"#7950f2","width":133.00000000000003,"height":58.00000000000001,"seed":617054574,"groupIds":[],"strokeSharpness":"sharp","boundElements":[],"updated":1656641902125,"link":null},{"id":"V6WCKLFm_8aoM-9o_9ay7","type":"rectangle","x":64.65625,"y":304.08473820793574,"width":680,"height":146,"angle":0,"strokeColor":"#000000","backgroundColor":"transparent","fillStyle":"hachure","strokeWidth":1,"strokeStyle":"solid","roughness":1,"opacity":100,"groupIds":[],"strokeSharpness":"sharp","seed":1965117515,"version":1273,"versionNonce":1207435243,"isDeleted":false,"boundElements":[{"type":"text","id":"AvLyfXTcYSAZAfaA9f6dK"}],"updated":1656641933138,"link":null},{"id":"AvLyfXTcYSAZAfaA9f6dK","type":"text","x":69.65625,"y":311.08473820793574,"width":670,"height":132,"angle":0,"strokeColor":"#000000","backgroundColor":"transparent","fillStyle":"hachure","strokeWidth":1,"strokeStyle":"solid","roughness":1,"opacity":100,"groupIds":[],"strokeSharpness":"sharp","seed":1276834309,"version":1351,"versionNonce":1400408133,"isDeleted":false,"boundElements":null,"updated":1656641933138,"link":null,"text":"Nate的小提示\n\n1. 双击编辑文字\n2. 按shift + enter 换行\n3. 画出一个图形后，选中图形，按回车键可以生成和图形绑定的文字输入框\n4. 箭头形状可以连接两个图形边缘，然后可以拖动","fontSize":20,"fontFamily":1,"textAlign":"left","verticalAlign":"top","baseline":128,"containerId":"V6WCKLFm_8aoM-9o_9ay7","originalText":"Nate的小提示\n\n1. 双击编辑文字\n2. 按shift + enter 换行\n3. 画出一个图形后，选中图形，按回车键可以生成和图形绑定的文字输入框\n4. 箭头形状可以连接两个图形边缘，然后可以拖动"}],"appState":{"theme":"dark","collaborators":[],"currentChartType":"bar","currentItemBackgroundColor":"transparent","currentItemEndArrowhead":"arrow","currentItemFillStyle":"hachure","currentItemFontFamily":2,"currentItemFontSize":20,"currentItemLinearStrokeSharpness":"round","currentItemOpacity":100,"currentItemRoughness":1,"currentItemStartArrowhead":null,"currentItemStrokeColor":"#000000","currentItemStrokeSharpness":"sharp","currentItemStrokeStyle":"solid","currentItemStrokeWidth":1,"currentItemTextAlign":"left","cursorButton":"up","draggingElement":null,"editingElement":null,"editingGroupId":null,"editingLinearElement":null,"elementLocked":false,"elementType":"selection","penMode":false,"penDetected":false,"errorMessage":null,"exportBackground":true,"exportScale":1,"exportEmbedScene":false,"exportWithDarkMode":false,"fileHandle":{},"gridSize":null,"isBindingEnabled":true,"isLibraryOpen":false,"isLoading":false,"isResizing":false,"isRotating":false,"lastPointerDownWith":"mouse","multiElement":null,"name":"Untitled-2022-06-19-1420","openMenu":null,"openPopup":null,"pasteDialog":{"shown":false,"data":null},"previousSelectedElementIds":{"V6WCKLFm_8aoM-9o_9ay7":true,"z_big8R86pt7-MGFr7lMg":true},"resizingElement":null,"scrolledOutside":false,"scrollX":255.921875,"scrollY":295.91526179206426,"selectedElementIds":{"hzU5_BteD8zeVn_RGyv_A":true},"selectedGroupIds":{},"selectionElement":null,"shouldCacheIgnoreZoom":false,"showHelpDialog":false,"showStats":false,"startBoundElement":null,"suggestedBindings":[],"toastMessage":null,"viewBackgroundColor":"#FFFFFF","zenModeEnabled":false,"zoom":{"value":1},"viewModeEnabled":false,"pendingImageElement":null,"showHyperlinkPopup":false,"offsetLeft":612.421875,"offsetTop":131,"width":1307.578125,"height":921},"files":{},"svg":"<svg version=\"1.1\" xmlns=\"http://www.w3.org/2000/svg\" viewBox=\"0 0 694.84375 644.0847382079357\" width=\"694.84375\" height=\"644.0847382079357\">\n  <!-- svg-source:excalidraw -->\n  \n  <defs>\n    <style>\n      @font-face {\n        font-family: \"Virgil\";\n        src: url(\"http://127.0.0.1:37840/node_modules/@excalidraw/excalidraw/dist/excalidraw-assets/Virgil.woff2\");\n      }\n      @font-face {\n        font-family: \"Cascadia\";\n        src: url(\"http://127.0.0.1:37840/node_modules/@excalidraw/excalidraw/dist/excalidraw-assets/Cascadia.woff2\");\n      }\n    </style>\n  </defs>\n  <rect x=\"0\" y=\"0\" width=\"694.84375\" height=\"644.0847382079357\" fill=\"#FFFFFF\"></rect><g stroke-linecap=\"round\" transform=\"translate(33.34375 5) rotate(0 123.5 69)\"><path d=\"M0 0 C0 0, 0 0, 0 0 M0 0 C0 0, 0 0, 0 0 M0.43 6.82 C1.99 4.49, 2.76 1.71, 5.17 0.12 M0.14 6.59 C0.93 5.29, 2.45 3.43, 4.88 0.12 M1.14 10.57 C3.02 7.35, 9.66 3.52, 11.02 -1.61 M0.06 12.02 C3.26 9.26, 6.29 5.78, 10.44 -0.59 M1.79 19.55 C5.1 13.08, 6.49 9.67, 15.08 0.1 M-0.33 18.28 C4.9 12.72, 8.71 7.49, 15.26 0.62 M0.54 24.73 C3.25 17.38, 10.37 12.88, 20.05 0.5 M-0.43 24.61 C8.16 14.97, 17.08 6.32, 20.68 -0.19 M0.86 29.59 C5.57 23.14, 12.81 15.85, 27.7 0.62 M-0.81 30.55 C10.3 18.55, 20 7.31, 25.7 0.23 M0.48 36.69 C8.02 25.56, 18.03 14.62, 32.54 0.27 M-1.24 37.31 C11.43 21.36, 24.69 8.9, 31.02 -0.98 M-1.67 42.99 C11.54 29.88, 17.28 19.11, 37.25 0.98 M0.01 42.3 C7.85 32.33, 17.51 24.33, 36.38 -0.67 M1.2 47.45 C11.75 35.15, 26.41 20, 42.57 1.42 M-1.11 49.73 C15.05 32.19, 29.39 14.43, 42.51 0.67 M0.93 55.12 C10.97 41.71, 18.4 31.07, 46.7 0.75 M0.84 53.65 C13.67 38.15, 27.49 21.69, 46.59 1.21 M1.8 60.59 C15.78 42.63, 28.36 23.41, 51.15 -1.99 M0.23 60.28 C18.22 37.36, 37.6 16.17, 52.18 0.06 M-2.23 68.04 C11.18 52.82, 24.8 41.59, 60.13 -0.54 M-0.33 67.04 C21.43 40.09, 44.72 14.23, 58.62 -0.34 M-0.91 74.9 C20.14 52.41, 39.25 31.07, 62.39 -1.99 M0.69 73.15 C13.26 57.75, 25.98 43.94, 63.03 0.01 M-1 79.47 C12.99 63.19, 28.31 45.32, 70.65 0.56 M0.46 80.16 C16.64 58.54, 34.69 38.03, 69.71 1.04 M-1.06 85.06 C27.21 51.07, 56.56 23.39, 75.43 -0.64 M1.12 85.04 C20.76 62.45, 42.72 38.69, 74.06 -1.12 M-0.12 91.34 C21.21 67.1, 45.61 41.3, 80.45 -0.56 M-0.84 90.49 C18.35 68.63, 35.95 47.24, 80.06 0.22 M-0.38 98.49 C27.97 62.76, 61.3 29.63, 84.49 -2.08 M0.72 97.97 C20.38 74.46, 42.41 48.91, 84.2 0.57 M-0.63 102.77 C37.14 61.91, 73.33 21.16, 88.78 -0.56 M0.33 104.3 C33.82 66.24, 67.04 26.35, 90.87 0.6 M-1.54 108.25 C28.5 77.23, 54.9 45.64, 94.85 -0.52 M-0.4 110.21 C21.57 83.29, 44.97 55.71, 96.37 0.48 M-0.5 114.8 C22.4 88.85, 42.52 63.15, 99.94 -0.19 M0.52 115.39 C29.8 80.37, 58.94 46.31, 100.28 0.12 M-0.16 121.61 C41.77 73.64, 83.01 23.9, 106.85 -0.21 M0.88 122.82 C22.43 95.75, 45.9 70.07, 105.45 -0.43 M0.7 127.18 C33.87 89.52, 66.93 53.52, 111.31 -0.22 M-0.42 127.83 C40.57 82, 80.97 35.1, 111.41 -0.75 M1.9 133.04 C38.72 90.23, 74.23 48.07, 115.23 1.27 M-0.7 134.64 C24.96 106.64, 50.35 78.54, 115.64 1.08 M1.76 137.81 C38.34 97.94, 73.1 57.24, 121.33 -1.52 M0.6 139.47 C41.98 92.15, 82.99 47.34, 122.34 -1.02 M5.71 138.13 C41.4 98.1, 77.71 56.36, 127.78 2.03 M6.49 138.26 C41.29 98.69, 77 57.25, 127.08 -0.49 M13.09 137.26 C56.5 90.25, 100.43 39.01, 133.48 -1 M11.27 138.39 C43.25 102.88, 73.78 66.01, 132.14 0.85 M18.23 140.72 C57.2 90.92, 100.34 43.77, 137.37 0.37 M17.8 139.09 C40.51 110.12, 65.41 82, 137.9 1.17 M23.8 136.88 C62.87 90.83, 106.11 44.4, 144.33 0.34 M22.8 139.07 C69.23 85.85, 114.87 34.58, 142.82 -1.09 M28.16 140.37 C59.95 100.66, 89.14 65.58, 148.58 -0.23 M28.3 138.84 C65.18 95.35, 103.19 52.31, 148.86 1.13 M31.23 139.42 C82.85 86.5, 129.25 29.33, 155.5 1.48 M33.58 138.98 C68.15 100.46, 102.68 61.02, 153.39 -0.24 M37.87 139.28 C76.08 95.75, 112.16 54.12, 157.07 1.67 M38.6 138.5 C70.84 102.05, 104.82 62.75, 158.68 0 M43.78 137.54 C88.01 92.58, 128.6 42.31, 165.68 1.3 M43.96 139.09 C79.97 96.26, 117.32 53.87, 163.8 0.53 M46.81 139.59 C85.18 100.55, 115.93 59.64, 169.56 1.43 M48.3 139.54 C93.89 87.69, 139.46 35.98, 170.07 -0.09 M52.91 137.88 C95.62 88.71, 138.42 36.93, 174.62 -1.37 M54.27 137.92 C96.71 91.15, 137.94 45.06, 174.99 -1.14 M59.46 139.39 C104.03 86.73, 154.08 30.55, 179.83 0.34 M59.95 140.01 C101.19 91.35, 143.72 43.26, 179.69 0.55 M65.16 136.96 C94.71 103.84, 126.13 72.23, 187.11 0.24 M64.79 139.52 C92.75 107.02, 121.46 74.03, 184.85 -1.06 M69.39 140.69 C99.08 101.63, 131.12 68.76, 188.71 1.64 M69.07 138.46 C117.84 85.74, 164.17 29.52, 190.17 1.1 M74.12 137.28 C119.81 89.83, 162.65 39.11, 197.04 0.84 M75.79 139.45 C122.46 85.24, 170.53 31.9, 196.26 -0.51 M79.22 137.46 C115.13 97.16, 148.1 60, 200.1 -1.49 M80.16 137.99 C125.1 86.56, 170.62 35.84, 202.12 0.3 M83.77 140.03 C122.03 96.75, 160.8 50.11, 207.34 -0.93 M84.84 139.58 C129.15 91.21, 171.73 44.13, 207.05 -0.24 M92.64 139.57 C125.12 100.95, 155.39 63.53, 212.99 2.06 M90.68 138.22 C136 87.71, 182.25 35.39, 212.1 0.42 M95.16 138.05 C127.3 102.46, 157.53 67.33, 218 1.51 M95.44 139.05 C123.73 109.95, 150.27 78.9, 218.02 -0.48 M102.38 140.88 C127.02 106.85, 154.18 75.48, 221.38 1.34 M101.06 139.31 C143.88 88.75, 187.81 40.36, 222.67 -0.74 M106.4 140.39 C152.42 86.37, 199.2 33.97, 230.09 -1.31 M107.11 138.77 C139 104.76, 169.65 67.29, 228.96 -0.9 M114.27 139.13 C155.51 92.52, 196.11 42.45, 234.39 -0.67 M112.7 137.94 C153.26 91.55, 194.62 42.89, 232.32 0.13 M119.34 137.3 C147.02 105.56, 177.28 71.55, 237.07 1.8 M117.97 138.45 C150.12 98.49, 184.12 61.82, 237.95 0.08 M123.16 140.05 C150.61 111.42, 175.36 80.59, 244.14 0.97 M123.97 139.33 C168.32 87.95, 215.09 34.7, 243.54 -0.1 M126.87 140.94 C156.67 105.25, 186.33 70.13, 246.79 0.5 M128.14 139.32 C156.9 105.32, 186.52 71.49, 247.35 1.09 M133.01 137.27 C160.28 105.64, 186.72 75.8, 247.31 8.66 M134.21 139.22 C177.01 87.16, 222.15 37.22, 248.21 6.5 M136.96 137.44 C171.31 102.12, 203.04 63.17, 249.64 12.43 M139.68 140.15 C168.28 103.81, 199.41 70.79, 248.02 13.34 M144.8 140.37 C184.29 92.21, 225.6 43.49, 248.8 20.18 M143.72 137.9 C178.81 99.81, 214.07 59.81, 247.37 18.84 M148.65 138.84 C170.94 113.77, 191.52 88.35, 248.78 24.53 M148.64 139.23 C172.24 112.99, 195.9 86.67, 249.43 25.97 M156.59 138.88 C179.27 108.61, 203.61 81.96, 249.88 29.74 M155.78 138.18 C177.71 112.77, 201.95 86.65, 247.35 31.83 M160.02 139.13 C185.99 109.21, 213.6 76.05, 245.92 39.78 M159.02 138.39 C188.43 104.34, 219.56 68.7, 247.56 38.68 M167.51 138.24 C185.61 112.9, 208.6 89.27, 246.95 42.02 M166.64 139.4 C198.5 102.25, 231.21 65, 248.49 44.47 M172.22 138.23 C202.13 102.92, 232.72 67.6, 249.82 50.81 M170.8 138.98 C200.96 103.43, 229.77 69.7, 247.29 49.46 M177.74 139.86 C200.17 109.95, 221.73 84.22, 247.48 55.62 M175.49 139.43 C198.79 113.8, 219.64 87.7, 249.12 55.26 M181.48 138.01 C207.21 113.09, 230.69 85.57, 248.31 60.44 M181.93 139.9 C200.73 116.12, 220.93 93.71, 248.54 61.11 M188.53 137.06 C199.87 120.59, 218.4 105.13, 249.35 67.86 M186.54 138.68 C208.03 113.51, 230.07 88.11, 248.87 69 M191.06 138.26 C203.98 127.2, 216 112.71, 246.96 74.7 M192.33 139.57 C210.39 116.34, 231.21 93.31, 248.83 74.18 M198.18 139.11 C206.54 126.65, 219.17 114.57, 247.46 79.7 M196.91 138.09 C208.34 127.2, 217.61 115.73, 247.31 79.77 M203.31 140.73 C212.55 127.32, 222.12 112.63, 248.37 87.55 M201.88 139.93 C220.65 118.91, 237.47 98.26, 248.65 85.77 M209.42 139.97 C220.87 122.66, 237.63 106.78, 249.79 92.34 M208.09 139.87 C220.56 124.75, 232.22 110.58, 248.02 93.42 M211.64 137.08 C221.7 127.86, 230.77 118.25, 247.59 97.64 M212.42 138.47 C226.81 124.52, 240.2 109.29, 248.8 98.25 M219.98 139.28 C226.85 128.01, 235.19 120.2, 248.08 104.13 M218.46 138.52 C225.49 131.67, 231.96 123.54, 249.19 104.6 M224.51 136.93 C229.99 129.14, 239.98 123.43, 246.67 109.27 M223.79 138.2 C230.46 130.04, 237.31 122.2, 249.03 110.26 M230.72 138.88 C236.96 132.46, 242.02 122.21, 249.1 115.37 M229.43 139.32 C234.17 130.86, 242.51 124.03, 248.99 117.47 M233.44 139.83 C237.39 136.47, 238.74 130.72, 246.77 124.99 M233.78 139.67 C237.09 134.86, 239.37 131.95, 248.09 123.26 M239.91 139.57 C243.18 136.92, 245.03 133.76, 246.69 129.17 M239.8 139.29 C241.78 135.95, 244.74 133.98, 248.56 128.81 M245.04 138.92 C246.34 138.22, 247.18 136.8, 247.93 134.9 M244.81 138.85 C246.13 137.62, 247.67 136.04, 248.32 134.89\" stroke=\"#fa5252\" stroke-width=\"0.5\" fill=\"none\"></path><path d=\"M1.64 0.64 C89.59 1.06, 175.16 1.91, 248.04 1.63 M0.45 -0.7 C67.24 2.23, 135.09 1.1, 247.03 0.8 M245.32 -1.22 C245.94 27.3, 245.62 58.08, 247.94 138.36 M247.03 -0.45 C245.18 41.67, 245.51 83.42, 246.07 137.48 M245.48 137.4 C168.29 137.34, 88.76 139.58, -1.61 136.37 M246.24 137.24 C185.4 135.63, 123.65 136.45, 0.19 138.65 M-0.29 137.47 C-0.75 86.95, -0.57 40.13, -0.46 -0.48 M0 138.89 C1.44 95.02, 0.8 52.45, 0.34 -0.98\" stroke=\"#000000\" stroke-width=\"1\" fill=\"none\"></path></g><g stroke-linecap=\"round\"><g transform=\"translate(267.6224385245902 77.23098346197307) rotate(0 130.3606557377049 16.884508269013466)\"><path d=\"M0.54 0.04 C43.91 5.63, 216.77 27.2, 260.18 32.71 M-0.63 -0.98 C42.53 4.79, 215.45 27.85, 258.94 33.69\" stroke=\"#000000\" stroke-width=\"1\" fill=\"none\"></path></g><g transform=\"translate(267.6224385245902 77.23098346197307) rotate(0 130.3606557377049 16.884508269013466)\"><path d=\"M229.71 39.22 C236.73 38.47, 246.2 37.09, 257.09 32.66 M228.72 39.76 C239.8 36.94, 249.41 36.23, 257.96 32.7\" stroke=\"#000000\" stroke-width=\"1\" fill=\"none\"></path></g><g transform=\"translate(267.6224385245902 77.23098346197307) rotate(0 130.3606557377049 16.884508269013466)\"><path d=\"M232.43 18.88 C238.49 24.26, 247.15 28.99, 257.09 32.66 M231.44 19.42 C241.5 23.19, 250.24 29.04, 257.96 32.7\" stroke=\"#000000\" stroke-width=\"1\" fill=\"none\"></path></g></g><g stroke-linecap=\"round\" transform=\"translate(464.34375 29) rotate(0 101.5 95.5)\"><path d=\"M19.16 40.5 C19.16 40.5, 19.16 40.5, 19.16 40.5 M19.16 40.5 C19.16 40.5, 19.16 40.5, 19.16 40.5 M12.9 53.85 C23.75 39.83, 34.67 28.67, 44.49 13.25 M10.94 54.23 C20.58 44.81, 27.53 36.38, 47.31 15.55 M4.62 69.17 C16.94 58.41, 24.6 45.04, 53.29 11 M4.1 69.43 C18.97 52.79, 35.17 35.22, 54.77 11.72 M5.24 74.47 C27.23 49.56, 47.08 25.88, 61.47 11.09 M4.19 75.32 C24.17 52.41, 44.43 30.06, 62.55 9.91 M2.84 80.05 C29.91 55.04, 52.79 23.02, 68.4 6.47 M5.26 81.19 C29.42 51.95, 55.82 23.92, 68.55 7.57 M3.17 86.95 C26.59 66.5, 44.41 39.23, 76.92 6.04 M3.76 88.69 C20.55 70.14, 36.42 51.84, 77.34 4.28 M5.15 94.39 C30.16 63.48, 54.94 37.91, 83.41 2.5 M4.98 93.34 C27.91 65.34, 52.83 37.58, 85.13 1.67 M3.59 99.44 C25.65 73.07, 47.73 50.32, 89.9 3.02 M4.69 100.24 C36.08 60.9, 69.55 22.29, 90.79 2.17 M2.52 105.08 C38.79 65.92, 74.5 24.2, 93.24 0.3 M3.41 106.23 C27.22 81.94, 49.88 55.6, 96.02 2.05 M1.93 111.89 C41.25 68.92, 80.77 24.96, 100.69 0.5 M4.1 113.58 C30.34 83.47, 54.57 52.71, 99.82 1.52 M5.78 115.59 C26.68 92.29, 47.3 66.95, 103.88 3.09 M5.12 117.66 C45.49 71.64, 85.4 27.1, 105.41 2.58 M5.46 122.51 C43.08 78.16, 85.37 33.76, 112.16 0.99 M6.58 120.46 C45.13 80.06, 82.02 36.55, 110.52 1.24 M7.07 127.42 C39.63 91.76, 68.57 53.06, 116.02 3.42 M8.61 126.43 C46.77 83.8, 83.51 40.05, 115.76 2.42 M10.84 128.4 C51.43 81.74, 96.44 34.9, 122.46 2.83 M9.69 129.45 C42.45 94.11, 72.52 56.89, 120.88 2.95 M12.49 135.45 C43.28 98.01, 70.24 65.23, 127.67 3.69 M12.95 133.55 C46.02 96.94, 76.79 59.51, 126.44 2.44 M12.63 139.16 C38.19 105.18, 67.91 77.62, 129.08 4.69 M14.49 137.55 C55.15 92.19, 94.73 46.48, 128.78 5.53 M14.08 143.32 C61.4 87.59, 109.2 37.69, 131.4 6.57 M15.69 141.76 C61.85 88.41, 108.68 35.57, 132.99 7.75 M18.66 146.26 C66.1 90.39, 112.04 36.36, 139.34 9.51 M16.89 147.46 C60.23 96.78, 104.45 46.75, 136.57 9.03 M20.44 148.99 C47.71 117.78, 72.37 84.42, 141 8.04 M19.59 149 C49.86 115.13, 80.92 79.03, 141.78 10.61 M23.29 152.89 C48.64 123.76, 77.02 89.41, 145.22 11.09 M22.94 151.59 C48.24 120.98, 76.12 89.82, 143.85 11.24 M24.13 157.49 C65.79 112.35, 102.11 67.52, 148.29 13.68 M25.93 155.17 C54.69 121.91, 83.37 87.68, 148.74 12.83 M26.95 156.4 C63.53 119.28, 97.52 77.59, 152.64 16.01 M28.35 158.37 C71.36 109.97, 113.43 62.51, 152.71 15.67 M32.31 162.42 C72.63 116, 112.28 66.97, 157.62 15.1 M31.19 161.68 C70.77 115.73, 111.1 68.86, 156 16.13 M32.59 165.91 C81.41 107.73, 131.51 53.85, 160.78 16.92 M32.93 163.91 C83.67 104.62, 133.08 47.46, 159.13 18.81 M35.44 165.18 C72.71 121.83, 111.69 81.43, 164 20.75 M35.77 166.62 C69.83 129.17, 104.49 89.63, 163.9 21 M41.11 167.6 C72.76 132.7, 102.71 93.07, 165.46 24.8 M40.05 169.3 C88.06 111.95, 139.16 53.5, 166.32 24.35 M41.89 171.99 C68.83 141.32, 100.05 108.23, 171.03 25.11 M42.52 173.82 C75.53 135.1, 108.51 99.16, 168.97 25.85 M45.37 174.97 C73.01 142.62, 97.73 112.43, 172.37 27.41 M44.63 174.85 C72.15 143.19, 100.23 111.66, 171.96 29.7 M49.27 178.61 C80.93 141.64, 111.51 104.14, 176.22 31.74 M50.18 177.55 C78.62 143.74, 108.6 110.47, 175.25 32.08 M52.76 177.31 C85.72 139.66, 115.8 105.18, 177.19 33.85 M53.71 178.56 C85.96 139.92, 119.39 103.95, 178.29 34.51 M55.18 180.39 C89.57 142.36, 124 103.8, 181.72 38.78 M56.04 180.59 C102.94 127.04, 149.43 74.38, 180.99 37.57 M62.71 179.76 C91.82 150.01, 118.88 113.77, 185.51 42.02 M59.96 182.2 C85.65 153.03, 109.98 124.67, 184.07 40.1 M63.82 184.75 C102.78 139.44, 140.06 94.27, 185.56 43.14 M64.58 182.67 C92.54 153.65, 119.79 121.77, 185.98 42.89 M67.2 185.5 C97.63 149.84, 126.98 113.3, 188.87 47.14 M68.21 183.47 C95.43 153.59, 121.52 123.01, 190.6 46.07 M73.96 187.63 C96.74 157.62, 121.94 132.36, 192.47 50.59 M73.48 186.97 C115.4 139.98, 155.97 93.34, 192.21 49.36 M76.17 186.79 C106.72 154.31, 132.7 121.37, 192.79 53.75 M76.82 187.06 C123.01 136.25, 169.45 81.46, 193.76 54.21 M81.67 186.58 C116.93 151.09, 149.8 113.72, 195.05 57.68 M80.27 189.16 C114.24 150.02, 147.65 113.05, 195.21 57.02 M86.77 187.42 C114.22 160.47, 137.76 130.78, 195.98 63.42 M86.99 189.11 C118.24 150.49, 153.16 112.16, 197.2 62.28 M90.94 190.17 C123.78 155.7, 152.05 121.93, 197.16 64.54 M91.01 188.88 C133.88 140.8, 176.6 93.65, 197.33 65.33 M96.17 190.51 C125.26 157.32, 153.17 126.15, 198.45 71.81 M95.48 188.99 C117.37 162.37, 140.15 137.69, 200.49 71 M99.71 188.32 C124.2 165.07, 148.14 135.31, 202.64 74.59 M100.34 189.98 C122.12 165.35, 145.5 139.38, 200.49 75.03 M108.09 191.52 C132.3 159.38, 159.12 130.25, 203.51 78.39 M107.25 190.29 C134.39 156.14, 163.58 123.43, 203.05 79.81 M111.85 191.74 C144.02 153.15, 174.4 116.81, 201.25 84.34 M111.36 190.03 C137.12 160.55, 162.97 130.98, 202.15 85.79 M114.9 188.43 C149.25 153.88, 183.85 112.21, 201.08 91.2 M117.46 191.08 C135.37 168.75, 154.08 147.6, 203.56 91.65 M120.54 193.22 C140.22 170.38, 156.68 148.44, 201.36 98.6 M121.11 191.59 C151.05 156.61, 179.26 123.47, 201.94 97.52 M126.83 187.79 C147.58 164.26, 167.41 142.35, 201.61 104.06 M128.76 187.86 C153.43 160.7, 177.94 133.4, 203.78 104.14 M136.73 185.29 C161.86 159.69, 184.68 128.63, 202.58 109.73 M136.99 185.86 C160.36 159.08, 184.59 132.42, 202.35 109.58 M144.06 181.2 C167.11 158.97, 185.98 133.68, 204.23 117.64 M145.31 182.1 C162.81 160.75, 180.19 141.97, 202.74 116.63 M153.53 179.41 C164.44 168.7, 172.08 155.09, 193.92 128.97 M153.17 177.86 C161.47 167.69, 171.24 158.35, 194.86 130.09 M158.86 176.66 C166.88 169.48, 173.86 165.47, 188.82 144.48 M158.98 177.58 C166.91 168.79, 177.15 157.24, 188.85 143.28\" stroke=\"#228be6\" stroke-width=\"0.5\" fill=\"none\"></path><path d=\"M123.69 1.7 C135.86 2.57, 148.09 10.02, 158.58 16.93 C169.07 23.85, 179.65 33.02, 186.64 43.19 C193.64 53.36, 198.14 65.89, 200.55 77.96 C202.96 90.03, 203.75 103.58, 201.09 115.61 C198.44 127.64, 192.13 140.07, 184.61 150.12 C177.1 160.16, 166.87 169.15, 156.01 175.86 C145.16 182.57, 132 188.21, 119.48 190.38 C106.96 192.55, 93.46 191.52, 80.87 188.86 C68.28 186.21, 54.67 181.57, 43.93 174.45 C33.19 167.32, 23.35 156.48, 16.43 146.12 C9.5 135.76, 4.7 124.29, 2.38 112.31 C0.05 100.32, -0.26 86.1, 2.48 74.2 C5.22 62.29, 11.58 50.85, 18.83 40.88 C26.09 30.92, 35.06 21.06, 46.01 14.41 C56.95 7.75, 70.48 2.68, 84.49 0.94 C98.5 -0.8, 121.22 2.82, 130.06 3.96 C138.9 5.09, 137.91 6.18, 137.51 7.75 M82.44 0.42 C94.23 -2.97, 107.76 0.11, 120.29 2.54 C132.82 4.97, 146.44 8.18, 157.61 15 C168.78 21.81, 179.94 33.03, 187.32 43.42 C194.7 53.81, 199.8 65.68, 201.89 77.32 C203.98 88.96, 202.48 101.44, 199.85 113.27 C197.22 125.1, 193.28 137.78, 186.1 148.29 C178.92 158.81, 167.82 169.28, 156.77 176.35 C145.72 183.42, 132.23 188.57, 119.8 190.69 C107.37 192.82, 94.48 191.59, 82.18 189.1 C69.88 186.62, 56.96 182.64, 46.01 175.78 C35.06 168.93, 23.99 158.07, 16.49 147.96 C8.99 137.86, 3.36 127.13, 1 115.17 C-1.37 103.21, -0.56 88.57, 2.31 76.19 C5.17 63.81, 11.19 50.93, 18.18 40.88 C25.17 30.83, 33.4 22.29, 44.26 15.89 C55.12 9.48, 76.93 4.74, 83.34 2.46 C89.74 0.17, 82.63 0.88, 82.68 2.19\" stroke=\"#000000\" stroke-width=\"1\" fill=\"none\"></path></g><g transform=\"translate(353.84375 29) rotate(0 20.5 11)\"><text x=\"0\" y=\"18\" font-family=\"Virgil, Segoe UI Emoji\" font-size=\"20px\" fill=\"#000000\" text-anchor=\"start\" style=\"white-space: pre;\" direction=\"ltr\">转换</text></g><g stroke-linecap=\"round\" transform=\"translate(358.34375 65) rotate(0 15.5 18.5)\"><path d=\"M17.32 -1.47 L30.38 19.7 L17.19 37.34 L0.05 20.56\" stroke=\"none\" stroke-width=\"0\" fill=\"#228be6\" fill-rule=\"evenodd\"></path><path d=\"M14.05 1.39 C19.19 4.86, 26.04 13.74, 31.7 17.17 M16.01 0.72 C20.22 3.81, 22.89 8.39, 30.23 19.03 M31.55 17.87 C26.93 26.51, 20.97 32.63, 14.35 38.54 M30.46 19.29 C27.14 22.44, 24.4 26.82, 16.6 37.48 M15.55 36.87 C9.97 31.53, 5.61 26.56, 0.04 20.61 M15.05 37.06 C13.6 32.38, 8.58 29.17, -0.38 19.9 M-1.5 17.19 C1.86 15.24, 7.39 9.41, 16.68 -0.34 M-0.7 19.9 C5.5 13.11, 8.32 8.16, 16.74 -0.74\" stroke=\"#000000\" stroke-width=\"1\" fill=\"none\"></path></g><g stroke-linecap=\"round\"><g transform=\"translate(170.34375 140) rotate(0 62 56.5)\"><path d=\"M0.28 1.1 C20.62 19.94, 102.62 93.23, 123.1 111.91\" stroke=\"#000000\" stroke-width=\"1.5\" fill=\"none\" stroke-dasharray=\"8 9\"></path></g></g><g stroke-linecap=\"round\" transform=\"translate(292.34375 238) rotate(0 72 57.5)\"><path d=\"M0 0 C0 0, 0 0, 0 0 M0 0 C0 0, 0 0, 0 0 M-1.01 7.14 C2.51 4.81, 4.3 1.34, 5.43 -0.18 M-0.09 6.79 C1.55 4.55, 2.84 2.43, 4.93 0.7 M1.03 13.29 C2.82 6.92, 6.24 5.99, 11.34 -0.14 M0.8 12.67 C3.68 8.11, 5.84 5.31, 11.24 -0.72 M-2.06 17.45 C4.4 15.03, 7.39 11.76, 15.23 0.2 M0.62 18.97 C4.98 11.55, 9.98 7.21, 15.3 1.29 M2.1 23.47 C5.13 18.02, 15.36 9.16, 20.96 -0.84 M1.22 23.98 C5.02 17.43, 11.92 10.52, 20.54 0.11 M-1.76 28.85 C11.92 19.82, 19.95 6.77, 27.2 -1.14 M0.15 29.92 C5.16 23.9, 10.69 17.78, 27.16 0.01 M-0.77 35.55 C12.14 25.93, 19.8 11.57, 33.8 -0.88 M-1 36.17 C7.86 27.1, 16.63 18.18, 32.89 0.13 M1.66 41.23 C9.5 30.69, 22.73 19.79, 38.12 0.08 M-0.13 42.37 C10.78 30.39, 20.14 19.19, 36.17 1.12 M1.3 50.13 C14.63 29.73, 32.91 8.8, 41.62 0.81 M-0.24 49.32 C10.32 37.13, 21.39 25.92, 41.73 -0.32 M-0.97 56.43 C12.23 39.22, 24.35 26.3, 46.03 1.97 M-0.56 54.45 C11.62 41.53, 23.24 26.65, 47.63 -0.63 M0.97 62.86 C18.62 39.34, 39.34 15.35, 51.93 0.38 M0.53 60.52 C12.39 45.27, 26.2 29.93, 52.87 -0.77 M0.46 68.1 C22.11 41.59, 42.29 20.42, 58.92 -0.29 M0.39 67.03 C14.38 51.62, 28.25 35.07, 58.38 0.48 M1.46 73.66 C13.14 55.81, 27.05 40.8, 64.2 1.05 M0.49 73.14 C14.69 55.75, 27.94 39.37, 64.65 -0.77 M-2.03 78.71 C17.14 60.25, 36.37 36.36, 70.72 1.56 M0.74 78.66 C26.22 49.77, 51.33 20.05, 68.76 1.13 M-0.03 83.52 C23.08 62.53, 44.85 35.45, 73.81 1.1 M0.39 85.46 C16.67 67.97, 32.08 50.04, 73.95 0.09 M1.55 92.04 C24.74 60.1, 50.93 32.95, 81.29 0.83 M-0.91 92.15 C28.43 58.35, 57.09 26.1, 78.68 0.97 M-1.07 99.27 C24.22 73.38, 47.79 43.75, 84.1 -2.14 M-0.17 97.53 C28.43 65.11, 55.84 30.95, 84.18 0.21 M1.78 102.17 C28.18 70.01, 58.32 35.06, 88.43 -0.12 M-0.77 103.5 C27.3 72.89, 55.68 40.87, 89.54 0.61 M0.71 110.52 C22.55 82.09, 46.71 56.25, 94.34 -0.26 M-0.08 110.07 C22.63 83.07, 45.21 56.07, 95.26 -0.07 M1.18 114.26 C33.07 78.4, 67.95 36.7, 99.88 -1.85 M-0.55 114.69 C32.15 78.43, 65.53 39.58, 100.3 -0.36 M5.56 115.41 C42.86 74.45, 77.55 36.01, 107.72 -1.79 M5.23 114.25 C32.43 84.27, 59.18 54.68, 105.66 -0.43 M12.7 116.46 C32.29 88.48, 56.93 66.1, 109.3 0.14 M11.1 115.59 C43.78 78.17, 76.26 41.16, 111.45 0.62 M17.07 116.69 C55.89 69.56, 95.21 23.39, 114.75 0.55 M17.32 115.78 C38.81 91.22, 59.01 66.13, 115.74 0.19 M20.24 116.1 C59.74 68.51, 99.56 26.98, 120.32 -0.6 M21.06 116.19 C59.97 72.79, 100.53 28.11, 120.99 -0.92 M25.53 113.97 C49.92 88.09, 76.63 58.78, 127.81 -1.16 M27.97 115.09 C49.86 88.13, 73.7 60.38, 126.32 0.52 M34.13 115.55 C71.03 70.89, 109.46 26.92, 134.49 -1.43 M31.23 116.38 C54.22 89.09, 78.07 64.31, 132.47 -0.49 M39.73 114.62 C59.39 93.16, 78.29 69.19, 137.26 -1.51 M37.11 114.28 C72.56 75.66, 106.24 36.55, 136.82 -0.44 M44.63 116.19 C75.34 78.66, 107.35 42.26, 143.28 1.32 M42.04 116.01 C75.79 77.84, 109.35 38.64, 142.98 -0.64 M50.4 115.06 C71.33 89.49, 92.42 61.27, 148.1 1.48 M48.19 114.45 C72.13 89.57, 94.32 60.99, 145.86 1.76 M53.96 114.5 C79.99 85.12, 103.36 57.31, 144.92 8.7 M52.47 114.89 C90.79 73.85, 129.17 31.03, 145.89 7.38 M57.58 117.56 C89.37 80.38, 120.91 46.7, 144.65 14.13 M57.53 116.41 C91.58 79.19, 121.56 43.35, 146 14.83 M64.26 114 C85.72 89.56, 105.88 65.72, 146.69 22 M64.02 114.83 C90.18 84.6, 115.93 55.51, 147.29 20.43 M69.17 115.15 C83.34 96.77, 100.07 76.53, 146.28 28.48 M68.97 115.68 C84.68 98.2, 100.8 79.31, 147.42 27.11 M73.6 117.28 C90.92 97.08, 105.66 79.05, 144.52 33.06 M74.7 115.58 C100.13 85.55, 126.59 55.53, 145.47 33.87 M81.08 116.22 C102.72 88, 125.58 61.94, 147.75 37.42 M79.89 115 C104.97 85.4, 131.05 55.5, 146.31 38.69 M84.01 114 C103.5 93.56, 122.97 72.1, 146.97 44.31 M85.09 114.87 C98.68 100.7, 113.49 85.05, 146.95 45.52 M91.79 117.46 C110.34 91.45, 129.01 70.99, 147.77 48.92 M89.86 115.34 C103.1 101.07, 114.25 87.17, 147.4 51.64 M97.45 116.87 C115.95 92.62, 138.56 70.27, 146.54 57.51 M96.28 114.4 C115.55 93.35, 134.75 71.24, 145.79 56.44 M101.73 116.6 C109.31 102.87, 118.71 91.8, 144.33 62.78 M100 114.62 C114.27 100.67, 126.36 85.93, 145.26 62.77 M107.8 113.67 C121.12 102.76, 131.01 87.86, 146.35 70.72 M105.88 115.82 C119.85 100.34, 130.77 86.93, 146.28 69.91 M113.26 116.46 C118.63 106.21, 129.13 97.27, 145.32 75.55 M110.95 115.75 C121.3 104.08, 133.26 92.07, 147 74.56 M116.89 115.25 C123.62 108.53, 130.23 100.95, 147.46 83.05 M118.06 114.78 C124.77 105.12, 134.58 96.2, 146.19 82.17 M122.68 116.91 C131.55 106.76, 142.09 95.65, 144.61 89.17 M122.88 114.6 C129.19 108.87, 135.5 102.12, 146.26 87.75 M126.51 115.5 C131.56 108.02, 138.86 103.27, 148.19 95.44 M127.5 114.88 C133.88 107.61, 141.03 100.48, 146.2 93.2 M132.23 114.89 C139.25 108.66, 144.26 102.97, 144.64 99.83 M133.48 116 C136.19 110.64, 139.55 107.74, 145.9 100.29 M138.39 115.26 C142 110.48, 143.97 108.83, 146.61 106.99 M139.04 115.44 C140.72 112.91, 142.41 111.41, 146.43 105.8 M143.11 115.67 C144.96 114.55, 145.02 113.17, 147.01 111.45 M143.59 115.51 C144.14 114.48, 145.3 113.62, 146.87 111.77 M-0.34 114.71 C-0.34 114.71, -0.34 114.71, -0.34 114.71 M-0.34 114.71 C-0.34 114.71, -0.34 114.71, -0.34 114.71 M6.16 115.4 C3.91 113.11, 2.44 112.12, 0.66 110.04 M5.7 114.67 C3.72 113.24, 1.7 110.63, -0.21 109.46 M12 113.76 C7.66 110.17, 3.29 107.65, -1.77 105.7 M12.86 115.71 C8.92 111.44, 4 108.25, -0.05 104.57 M18.45 114.73 C11.18 111.01, 3.65 101.83, 1.84 97.58 M18.71 113.9 C14.15 110.78, 11.32 107.41, 0.4 98.36 M25.44 116.63 C20.04 108.61, 11.93 105.17, 1.69 95.95 M24.3 115.76 C17.12 108.46, 9.15 101.58, 0.19 94.43 M31.03 113.31 C24.96 108.85, 16.26 102.07, 0.02 89.19 M31.08 115.16 C23.46 108.31, 17.91 103.24, 0.39 88.47 M35.38 113.9 C30.22 106.01, 20.85 101.11, 0.93 85.43 M36.34 114.4 C26.42 105.69, 16.19 98.28, -0.03 84.14 M44.75 114.67 C31.1 105.03, 14.82 93.45, -1.72 76.86 M42.35 114.35 C27.14 103.31, 11.83 88.53, -1.06 77.2 M47.14 113.57 C29.96 98.83, 11.68 80.59, -0.94 73.64 M48.91 115.14 C31.39 101.09, 16.41 87.23, 0.63 73.47 M55.95 116.83 C39.77 98, 19.57 83.03, -1.28 67.2 M55.91 114.81 C35.96 99.7, 19.64 83.94, 0.06 66.29 M62.05 114.99 C41.91 97.48, 22.85 81.25, 0.63 64.2 M60.41 115.37 C44.08 98.38, 25.22 84.29, 0.21 62.42 M65.19 116.8 C40.91 92.14, 11.82 67.33, -0.65 57.84 M66.94 114.8 C46.79 97.9, 28.86 79.93, 0.33 57.49 M74.12 113.22 C46.25 91.25, 16.44 66.33, 0.12 49.79 M72.54 115.09 C58.73 102.95, 42.19 89.86, 0.28 51.95 M78.21 116.03 C49.99 89.44, 20.43 63.82, -1.87 45.52 M79.38 114.93 C51.51 91.21, 25.1 68.87, -1.17 46.49 M87.06 116.41 C58.68 90.55, 30.21 67.46, 1.97 40.17 M85.26 114.32 C56.86 90.79, 30.72 67.9, -0.04 39.99 M90.67 113 C61.54 90.44, 33.22 66.31, 0.95 34 M90.72 114.73 C73.59 97.33, 54.94 81.74, -0.82 34.95 M98.77 113.75 C60.57 83.89, 24.91 52.95, 0.53 30.15 M97.32 115 C71.23 92.04, 42.9 67.91, -0.12 29.43 M104.95 115.94 C70.26 84.33, 35.32 55.54, 1.64 26.12 M104.73 115.4 C65.45 82.74, 27.91 50.27, -0.45 24.5 M110.32 112.82 C67.1 80.02, 25.34 40.87, 0.11 19.59 M109.25 114.38 C77.49 85.76, 45.05 57.87, 0.21 20.16 M115.09 116.16 C68.81 75, 27.71 35.29, -2.02 15.8 M116.44 115.12 C70.8 78.42, 26.67 39.7, 0.62 14.76 M122.73 116.28 C84.55 84.9, 51.48 55.86, -1.06 9.43 M122.11 113.7 C93.14 91.32, 65.99 65.8, 0.66 9 M127.33 115.98 C85.05 78.06, 44.14 44.07, -0.34 3.99 M128.68 115 C91.21 81.13, 51.91 46.79, -0.4 3.29 M133.72 114.51 C102.09 84.77, 69.01 56.22, 1.95 -1.67 M134.24 114.81 C95.19 81.81, 54.09 47.39, 1.21 -1.58 M141.09 114.18 C113.1 91.36, 85.33 66.64, 7.88 1.29 M139.07 114.48 C100.95 82.27, 64.01 49.84, 7.79 0.2 M145.15 113.65 C103.06 76.65, 57.01 37.47, 13.82 -1.48 M144.76 114.26 C103.3 77.63, 59.47 41.85, 13.19 -1.63 M146.95 108.63 C97.27 68.91, 49.51 28.31, 21.19 0.16 M145.95 108.05 C98.18 68.94, 51.94 28.18, 18.45 -1.64 M145.57 102.33 C101.38 62.31, 58.12 24.92, 23.28 0.29 M144.01 103.95 C105.73 68.87, 66.1 35.04, 25.58 -1.23 M145.71 97.54 C120.69 79.9, 95.88 55.99, 32.6 -1.19 M145.5 98.39 C109.41 66.18, 73.03 34.34, 31.87 -0.68 M146.3 92.64 C106.24 62.22, 71.5 30.99, 37.07 -2.52 M145.75 92.18 C107.12 59.95, 70.54 27.7, 36.96 -1.03 M143.89 87.43 C111.1 56, 75.49 26.58, 43.56 -1.52 M145.2 88.43 C107.09 54.41, 71.28 23.07, 43.39 -1.46 M144.04 82.54 C107.73 47.19, 69.73 16.76, 49.6 -0.98 M145.69 82.02 C109.06 50.73, 74.94 20.15, 49.18 -0.64 M144.68 77.29 C118.2 53.04, 94.22 32.33, 55.45 -0.58 M144.79 77.48 C122.56 56.89, 101.01 37.71, 54.87 -0.59 M143.45 73.07 C123.6 56.96, 107.72 37.05, 63.5 0.89 M144.08 70.5 C125.21 54.89, 106.94 37.55, 61.87 -0.78 M145.17 67.19 C116.91 43.83, 90.5 17.7, 66.37 -2.36 M145.53 65.81 C128.85 52.62, 114.19 38.02, 67.48 -0.01 M145.1 60.31 C127.31 45.27, 105.49 27.05, 74.56 -0.55 M145.71 60.65 C120.87 39.7, 97.19 18.8, 73.47 -1.81 M144.42 54.25 C121.31 35.76, 99.65 16.66, 80.07 -1.76 M144.21 54.67 C119.87 34.31, 96.55 14.01, 80.65 -1.69 M145.52 51.41 C126.51 34.81, 102.85 16.74, 84.52 0.13 M143.88 49.43 C128.6 35.67, 109.75 19.36, 85.92 -1.15 M143.42 44.65 C126.35 29.55, 109.23 14.88, 90.52 -0.68 M145.17 44.27 C125.46 27.99, 104.24 9.12, 92.6 -1.65 M145.15 40.6 C129.46 24.55, 109.58 7.87, 97.81 -1.9 M144.44 39.79 C130.25 28.04, 116.23 15.84, 99.47 -0.59 M145.1 33.63 C136.45 27.76, 126.49 16.96, 102.86 -2.57 M144.26 33.79 C130.33 22.22, 117.04 9.05, 103.33 -0.59 M144.4 29.15 C135.02 20.26, 126.45 13.62, 110.54 -0.41 M143.75 28.66 C131.76 17.28, 119.63 7.23, 111.61 -0.91 M146.31 25.52 C134.81 15.62, 125.74 4.81, 118.17 0.15 M144.87 23.37 C135.22 15.48, 126.85 8.34, 115.36 -1.27 M144.34 18.06 C137.99 14.48, 132.39 5.68, 123 -2.11 M145.49 19.56 C138.67 13.61, 132.47 7.54, 123.64 0.03 M145.85 13.67 C138.76 9.39, 135.28 3.31, 130.23 -1.21 M145.92 12.15 C142.63 10.05, 139.37 7, 128.51 0.22 M144.21 9.03 C141.31 6.36, 140.76 3.54, 136.1 -1.25 M145.49 8.06 C143.18 5.59, 139.98 4.24, 135.38 -1.23 M144.81 1.99 C143.59 1.9, 143.48 1.14, 141.48 -1.16 M145.16 2.41 C144.36 1.97, 143.42 1.17, 141.08 -0.67\" stroke=\"#e6ffc8\" stroke-width=\"0.5\" fill=\"none\"></path><path d=\"M-1.29 0.36 C31.49 1.69, 64.98 -0.35, 142.81 -1.98 M144.56 1.45 C145.37 37.71, 145.15 77.21, 145.83 114.85 M143.47 114.17 C106.29 113.02, 66.56 113.09, -0.75 113.95 M1.15 116.09 C-1.87 67.82, -2.41 24.27, -1.61 1.09\" stroke=\"#2b8a3e\" stroke-width=\"1.5\" fill=\"none\" stroke-dasharray=\"1.5 7\"></path></g><g transform=\"translate(314.34375 245) rotate(0 27.5 33)\"><text x=\"0\" y=\"18\" font-family=\"Virgil, Segoe UI Emoji\" font-size=\"20px\" fill=\"#2b8a3e\" text-anchor=\"start\" style=\"white-space: pre;\" direction=\"ltr\">列表 :</text><text x=\"0\" y=\"40\" font-family=\"Virgil, Segoe UI Emoji\" font-size=\"20px\" fill=\"#2b8a3e\" text-anchor=\"start\" style=\"white-space: pre;\" direction=\"ltr\">- one</text><text x=\"0\" y=\"62\" font-family=\"Virgil, Segoe UI Emoji\" font-size=\"20px\" fill=\"#2b8a3e\" text-anchor=\"start\" style=\"white-space: pre;\" direction=\"ltr\">- two</text></g><g stroke-linecap=\"round\" transform=\"translate(306.71694488867206 121.6942301852414) rotate(338.0327565931871 52.02027611041686 37.00000000000001)\"><path d=\"M53.28 0.85 L103.79 38.64 L51.2 74.27 L-1.49 38.96\" stroke=\"none\" stroke-width=\"0\" fill=\"#fa5252\" fill-rule=\"evenodd\"></path><path d=\"M51.5 0.02 C63.79 6.72, 74.22 16.39, 105.56 37.79 M53.79 0.51 C70.48 12.15, 88.53 25.7, 103.07 38.18 M105.01 39.75 C87.39 49.41, 72.22 61.59, 51.24 74.7 M103.36 38.46 C90.22 48.02, 76.04 57.49, 53.63 74.56 M53.81 74.14 C40.25 65.92, 25.77 56.44, -1.72 39.71 M52.89 73.9 C37.7 63.52, 23.49 53.74, 0.86 37.72 M1.47 38.14 C16.81 24.28, 34.99 11.45, 54.62 -0.29 M0.94 37.93 C20.38 23.46, 42.34 8.27, 53.21 -0.28\" stroke=\"#000000\" stroke-width=\"1\" fill=\"none\"></path></g><g stroke-linecap=\"round\" transform=\"translate(503.1152611234793 257.96655309088374) rotate(24.323153881470517 64.25338283382541 31.5)\"><path d=\"M0 0 C0 0, 0 0, 0 0 M0 0 C0 0, 0 0, 0 0 M0.28 6.79 C0.88 5.32, 2.18 3.52, 4.99 0.16 M-0.63 6.63 C1.34 4.43, 3.15 2.71, 5.38 0.58 M1.67 11.82 C3.02 8.46, 5.92 5.55, 10.37 1.56 M0.54 11.65 C2.11 9.38, 6.17 6.41, 10.61 -0.56 M0.53 18.19 C3.42 11.81, 9.48 9.03, 14.08 0.42 M-0.77 18 C3.42 14.69, 7.6 9.71, 15.61 0.71 M1.18 22.46 C8.38 14.1, 17.76 4.96, 20.87 1.63 M0.85 24.88 C7.92 14, 16.88 4.74, 21.04 0.63 M1.69 30.22 C11.2 20.62, 20.92 9.73, 25.29 0.84 M-0.92 30.61 C8.24 20.39, 15.36 11.59, 25.8 0.94 M-1.63 38.69 C11.13 21.58, 26.13 8.8, 30.21 -0.89 M-1.09 36.67 C7.06 27.03, 15.18 19.44, 32.32 0.31 M1.2 41.96 C7.89 33.19, 19.63 20.35, 38.52 0.38 M0.22 42.37 C13.78 25.51, 28.57 8.38, 36.81 0.77 M0.84 48.2 C11.23 35.01, 27.64 17.08, 43.43 0.39 M-0.61 49.62 C9.34 37.46, 20.26 25.12, 42.06 0.16 M2.21 53.41 C15.6 36.33, 30.86 18.85, 48.16 -0.23 M-0.71 54.11 C11.61 40.9, 24.91 26.62, 47.63 0.65 M0.3 62.46 C11.07 45.31, 27.56 29.37, 52.2 0.96 M-0.38 61.91 C19.77 40.15, 38.48 18.85, 52.64 -0.76 M3.66 64.54 C14.51 52.29, 23.52 36.98, 59.08 1.27 M0.95 64.37 C18.1 45.75, 35.95 25.75, 58 0.27 M6.86 65.43 C31.64 38.42, 52.18 12.87, 62.62 -2.18 M7.58 63.93 C23.05 48.32, 36.89 30.16, 63.17 -0.12 M13.55 65.3 C27.02 48.64, 38.35 33.82, 70.66 0.61 M13.21 65.41 C29.45 44.41, 47.05 22.9, 68.41 0.57 M17.95 63.37 C37.86 40.36, 60.95 13.67, 75.34 1.45 M18.83 64.16 C30.68 52.11, 41.35 36.97, 73.53 -0.36 M21.33 66.74 C34.3 52.43, 47.88 38.3, 80.8 -0.97 M23.74 64.37 C41.97 42.84, 63.59 17.9, 80.12 -0.25 M30.2 63.31 C49.17 37.98, 73.62 13.02, 85.49 -0.15 M28.31 65.56 C47.69 44.04, 66.3 23.01, 84.34 -0.66 M32.13 66.85 C47.7 51.46, 59.44 33.6, 89.87 -0.72 M34.18 65.07 C48.1 47.92, 61.25 32.07, 89.12 -0.76 M37.97 65.97 C53.54 50.06, 63.3 38.17, 94.7 -1.49 M39.05 64.57 C56.55 45.58, 71.66 27.11, 94.96 -0.96 M45.59 65.13 C64.37 37.08, 90.36 13.65, 100.76 1.59 M44.9 64.57 C62.32 45.77, 79.31 25.87, 100.16 -0.27 M50.15 65.62 C68.13 45.18, 86.38 22.31, 107.11 0.42 M50.77 64.88 C65.75 46.07, 81.01 29.85, 105.53 0.07 M55.83 66.57 C73.56 41.58, 96.45 15.31, 110.84 -0.28 M55 65.18 C77.71 39.65, 98.92 15.75, 110.73 -0.83 M62.12 65.98 C77.87 43.01, 94.64 26.02, 116.69 -1.17 M59.98 65.44 C72.26 50.86, 84.72 35.91, 116.26 -0.27 M63.5 65.66 C80.96 50.85, 92.8 34.29, 120.01 0.9 M66.37 64.48 C82.84 47.09, 98.42 27.27, 121.07 0.75 M71.76 64.29 C92.15 38.08, 114.95 16.29, 125.88 2.22 M71.91 64.43 C91.98 40.92, 112.8 16.04, 126.07 0.34 M75.72 66.39 C96.75 39.5, 117.69 17.98, 128.68 4.14 M75.63 65.27 C90.85 46.38, 107.82 27.38, 130.23 3.18 M83.47 63.31 C95.4 50.54, 109.42 34.28, 131.11 6.39 M82.58 65.3 C95 47.85, 109.38 31.75, 130.13 7.27 M86.13 66.26 C99.18 51.79, 109.36 39.47, 131.16 15.23 M86.14 65.64 C98.11 51.73, 108.63 38.8, 131.37 13.68 M92.12 63.28 C104.87 47.74, 119.9 31.65, 129.13 21.31 M92.72 64.73 C102.25 52.53, 113.07 41.55, 130.17 19.81 M98.86 64.26 C108.52 49.47, 120.21 40.08, 131.37 28.1 M98.03 64.88 C107.66 52.33, 119.25 39.94, 131.53 25.4 M103.09 65.93 C112.12 56.28, 119.19 43.9, 131.85 33.69 M103.83 64.68 C112.63 53.93, 120.73 44.51, 131.36 31.76 M108.54 64.87 C114.48 56.76, 122.79 47.74, 131.19 39.99 M108.17 65.58 C117.2 54.69, 125.47 44.15, 131.96 38.52 M111.61 63.26 C116.02 60.74, 121.36 55.32, 131.72 46.03 M113.5 65.08 C117.02 61.67, 120.94 57.51, 131.61 44.42 M120.14 65.96 C121.89 58.94, 125.82 54.62, 130.37 50.48 M118.23 65.46 C120.89 61.75, 123.43 58.74, 130.03 51.24 M124.59 65.86 C125.97 64.04, 127.27 61.91, 130.22 56.66 M123.86 64.96 C125.93 61.42, 128.61 58.46, 131.3 56.69\" stroke=\"#fa5252\" stroke-width=\"0.5\" fill=\"none\"></path><path d=\"M0 -1.5 C35.38 2.96, 73.18 1.57, 127.14 0.28 M0.2 0.76 C33.42 -1.11, 64.8 -1.32, 129.17 0 M130.41 0.65 C130.03 24.36, 130.38 49.62, 127 63.49 M127.53 -0.66 C127.87 18.79, 128.09 38.71, 127.93 62.59 M129.61 62.28 C88.73 62.31, 47.83 61.55, 0.07 62.52 M129.2 62.56 C87.78 64.82, 47.67 63.49, 0.17 63.69 M1.65 61.45 C0.08 41.17, 1.64 14.11, -1.68 1.05 M-0.92 63.86 C-0.84 40.89, -0.18 17.88, -0.96 -0.82\" stroke=\"#000000\" stroke-width=\"1\" fill=\"none\"></path></g><g stroke-linecap=\"round\" transform=\"translate(45.209297135620886 172.8538070033551) rotate(22.306205054907743 43.63445286437906 23.14619299664486)\"><path d=\"M42.31 -0.79 L86.21 24.96 L44.54 44.62 L-0.41 23.11\" stroke=\"none\" stroke-width=\"0\" fill=\"#15aabf\" fill-rule=\"evenodd\"></path><path d=\"M43.18 0.29 C57.55 6.04, 67 14.85, 88.99 25.21 M43.85 -0.62 C57.06 7.11, 69.17 13.56, 87.64 24.33 M85.67 23.39 C76.34 27.93, 66.47 35.75, 42.53 47.88 M86.53 23.7 C74.88 30.14, 61.62 37, 44.97 45.54 M43.95 46.25 C32.62 42.06, 17.66 33.32, -0.29 23.87 M43.2 47.19 C32.44 40.26, 19.98 34.95, 0.64 24.9 M0.1 24.84 C9.18 18.2, 22.83 10.12, 43.12 -1.18 M-0.48 24.2 C10.41 18.39, 21.73 10.88, 44.66 0.31\" stroke=\"#000000\" stroke-width=\"1\" fill=\"none\"></path></g><g stroke-linecap=\"round\" transform=\"translate(114.09164364500919 291.3561760950281) rotate(343.6518284526488 61.75210635499067 17.643823904971896)\"><path d=\"M0 0 C0 0, 0 0, 0 0 M0 0 C0 0, 0 0, 0 0 M0.35 6.64 C1.74 5.31, 1.71 3.15, 4.38 0.59 M0.07 6.68 C1.9 3.71, 3.66 1.69, 4.77 0.07 M0.46 10.7 C3.09 6.42, 6.17 1.98, 9.2 -1.63 M0.84 11.68 C3.17 8.75, 6.02 4.37, 10.51 -0.65 M1.3 18.35 C5.39 11.5, 10.52 3.32, 17.6 2.19 M-1.02 17.49 C5.48 13.09, 9.59 7.93, 15.63 -0.05 M1.97 25.42 C9.29 16.19, 14.04 6.34, 21.8 -0.03 M0.18 24.95 C6 17.17, 12.52 10.68, 21.05 -0.14 M0.24 28.7 C4.74 25.8, 9.56 18.15, 27.68 1.34 M-0.96 31.06 C9.49 18.69, 18.91 7.95, 27.11 -0.68 M1.24 34.97 C7.27 28.86, 13.78 17.61, 31.99 -1.01 M0.43 35.32 C11.37 23.31, 23.03 8.99, 31.15 0.62 M5.23 36.88 C12.81 26.87, 21.61 16.42, 35.68 -0.72 M6.84 36.37 C14.15 26.78, 21.07 18.09, 36.7 -0.5 M12.83 37.82 C22.97 22.13, 31.42 11.99, 44.17 1.18 M11.08 35.37 C23.59 23.1, 34.18 9.71, 43.25 0.59 M17.7 36.53 C27.18 23.49, 34.08 13.45, 49.1 -0.62 M16.52 35.06 C27.73 23.3, 37.8 11.11, 47.47 0.97 M19.74 35.43 C28.61 26.37, 35.19 21.68, 52.58 -0.83 M21.71 36.67 C29.86 27.05, 37.67 16.81, 53.02 -0.37 M25.31 35.58 C36.79 22.64, 47.82 8.34, 56.93 -0.47 M28.17 35.28 C38.57 22.92, 48.57 11.85, 57.73 0.99 M32.97 35.69 C39.38 26.65, 49.77 16.29, 64.95 0.08 M31.62 35.46 C38.61 28.26, 44.07 22.28, 63.41 0.37 M37.79 35.14 C47.72 26.43, 53.5 15.17, 69.65 0.12 M37.74 34.66 C47.99 24.67, 58.8 12.61, 69.05 -0.45 M41.01 36.98 C54.25 23.35, 68.58 5.96, 74.53 1.56 M43.39 36.75 C51.64 24.89, 61.42 15.68, 74.61 0.18 M50.38 34.87 C57.29 26.3, 67.08 13.79, 79.27 0.02 M48.41 35.55 C60.38 21.93, 71.13 10.46, 80.25 -0.61 M53.85 36.17 C62.15 24.26, 74.42 14.24, 84.06 -0.27 M52.83 36.28 C61.51 27.24, 70.26 18.53, 84.07 -0.82 M59.83 36.88 C69.01 26.81, 78.2 14.94, 91.28 0.62 M58.64 35.09 C67.66 24.27, 77.88 13.09, 89.38 0.02 M62.97 36.66 C74.66 22.93, 87.52 8.16, 93.79 1.23 M65.01 36.55 C75.08 23.8, 84.41 11.3, 96.46 0.25 M68.38 33.81 C78.77 22.21, 92.74 10.61, 100.66 1.8 M70.1 35.14 C79.17 24.61, 89.26 11.81, 99.78 -0.33 M73.38 36.32 C88.05 23.47, 95.54 9.72, 105.45 -0.81 M74.25 36.8 C83.09 26.36, 89.01 18.79, 105.74 -1.01 M79.77 36.8 C87.92 27.21, 97.58 19, 111.91 1.95 M79.75 36.33 C88.33 26.11, 97.55 15.67, 111.99 -0.65 M83.57 35.54 C93.86 27.25, 99.5 18.65, 117.63 2 M86.1 35.02 C94.52 25.73, 104.51 14.59, 116.44 0.55 M90.59 36.23 C98.78 24.54, 108.95 11.49, 123.03 1.94 M91.11 36.78 C98.05 28.32, 105.13 20.21, 121.85 0.8 M97.52 37.2 C102.44 28.15, 111.33 18.48, 127.08 3.79 M95.4 35.97 C102.29 27.87, 108.86 21.29, 125.01 2.03 M100.9 34.72 C111.74 26.57, 119.25 17.65, 126.28 9.47 M100.94 37.11 C106.26 31.29, 111.62 24.09, 125.2 8.82 M104.74 34.69 C109.76 28.84, 117.64 26.04, 127.51 15 M106.19 35.14 C113.42 29.57, 118.11 21.55, 126.59 13.13 M110.27 35.67 C115.03 31.42, 121.46 26.81, 126.6 21.88 M111.28 36.93 C115.99 31.34, 117.95 27.47, 126.29 20.13 M116.6 35.83 C121.02 33.76, 122.84 30.66, 127.15 24.81 M117.64 35.11 C120.63 32.85, 123.14 28.55, 125.51 25.91 M121.85 36.13 C123.04 35.14, 124.53 33.1, 125.64 32.19 M122.26 36.05 C123.23 35.15, 124.24 33.78, 125.69 32.48\" stroke=\"#fab005\" stroke-width=\"0.5\" fill=\"none\"></path><path d=\"M-1.86 0.94 C27.93 2.19, 58.05 1.06, 125.26 -1.72 M0.92 -0.56 C36.99 -1.21, 72.88 -1.44, 123.16 -0.35 M124.47 0.92 C122.27 7.15, 122.36 16.35, 122.27 35.98 M124.23 -0.26 C123.38 13.34, 124.66 26.76, 123.69 35.79 M122.38 36.05 C77.49 34.86, 34.62 36.56, 1.81 36.3 M122.59 35.99 C78.12 34.52, 33.97 35.34, -0.9 34.62 M0.79 36.43 C-1.9 26.14, -2.06 20.43, -1.6 -1.18 M-0.73 36.17 C0.15 25.12, 0.99 12.52, 0.61 0.98\" stroke=\"#000000\" stroke-width=\"1\" fill=\"none\"></path></g><g stroke-linecap=\"round\"><g transform=\"translate(152.34375 175) rotate(18.703314074174894 35.5 40)\"><path d=\"M1.49 -0.54 C1.84 6.19, 0.39 9.99, 1.34 17.01 M1.62 15.93 C6.35 24.69, 9 32.54, 12.84 41.31 M13.26 39.18 C14.7 43.77, 17.86 47.78, 19.91 52.31 M19.24 49.12 C24.04 56.45, 32.29 59.82, 35.29 65.22 M35.44 65.4 C46.49 68.91, 54.6 71.89, 72.86 79.68\" stroke=\"#a61e4d\" stroke-width=\"1.5\" fill=\"none\" stroke-dasharray=\"1.5 7\"></path></g></g><g stroke-linecap=\"round\"><g transform=\"translate(47.34375 280) rotate(0 40.5 -14.5)\"><path d=\"M-1.31 -0.97 C2.55 -9.87, 3.73 -17.03, 6.7 -20.8 M0.13 0.32 C2.13 -8.16, 3.56 -15.27, 6.72 -22.43 M5.13 -22.1 C7.16 -24.25, 9.16 -24.8, 12.29 -29.46 M6.12 -21.77 C8.42 -24.18, 9.86 -26.74, 11.68 -28.55 M12.72 -28.76 C15.17 -29.29, 18.14 -30.62, 21.42 -30.02 M12.33 -28.93 C15.42 -29.51, 18.15 -29.53, 20.64 -29.64 M20.7 -30.3 C22.19 -29.92, 22.49 -29.38, 24.04 -28.85 M20.87 -30.08 C22.14 -29.7, 23.03 -29.34, 23.95 -28.96 M23.23 -28.91 C26.62 -27.11, 27.61 -23.63, 32.12 -16.52 M23.91 -29.62 C25.59 -27.01, 28.03 -23.22, 33.05 -16.61 M33.11 -15.96 C35.33 -11.76, 35.15 -10.03, 36.45 0.45 M32.45 -17.83 C34.49 -13.27, 35.23 -9.41, 35.47 0.64 M36.01 0.87 C36.17 1.34, 36.42 1.59, 36.92 1.93 M36.05 0.98 C36.28 1.18, 36.52 1.43, 37.05 1.97 M35.44 0.98 C39.52 -10.31, 43.25 -18.07, 44.72 -30.25 M36.3 2.99 C39.53 -10.52, 43.71 -22.45, 45.55 -29.19 M45.2 -28.79 C46.24 -28.97, 47.19 -29.05, 47.78 -29.14 M45.09 -29.08 C45.77 -28.91, 46.81 -28.87, 47.92 -29.08 M48.04 -28.52 C48.88 -29.7, 50.83 -30.17, 52.78 -30.58 M48.13 -29.16 C48.94 -29.6, 50.28 -29.6, 52.82 -31.22 M53.36 -31.37 C54.24 -31.09, 56.24 -30.61, 57.95 -30.78 M53.2 -31.09 C54.58 -30.82, 56.25 -31.11, 57.97 -31.06 M58.86 -31.02 C62.55 -28.22, 66.11 -27.26, 71.11 -22.59 M57.63 -30.25 C62.91 -29.22, 67.46 -25.15, 72.09 -23.51 M70.52 -22.59 C75.45 -17.41, 78.01 -15.2, 82.42 -7.33 M72.62 -22.33 C74.45 -18.5, 77.82 -13.97, 81.52 -7.48 M81.39 -7.99 C81.03 -6.6, 80.71 -5.24, 81.35 -4.29 M81.05 -7.88 C81.22 -7.05, 80.99 -6.51, 80.85 -4.11\" stroke=\"#087f5b\" stroke-width=\"1\" fill=\"none\"></path></g></g><g stroke-linecap=\"round\" transform=\"translate(213.6768410264575 371.66279952417335) rotate(6.766174822553141 45.166908973542434 43.83720047582656)\"><path d=\"M0 0 C0 0, 0 0, 0 0 M0 0 C0 0, 0 0, 0 0 M-0.64 6.75 C1.61 5.6, 1.65 3.24, 4.53 1.07 M-0.49 6.22 C1.29 4.75, 2.06 3.8, 4.63 0.08 M-0.59 11.12 C4.8 9.38, 6.5 2.19, 10.34 0.03 M-0.13 11.85 C3.18 9.86, 4.87 6.82, 10.86 0.41 M-0.62 19.75 C3.48 12.7, 7.7 8.54, 15.92 0.65 M-0.05 18.52 C2.57 13.81, 5.73 11.22, 15.84 1.24 M1.05 22.25 C8.47 17.45, 15.01 6.04, 21.47 0.68 M0.61 24.63 C7.48 15.36, 14.88 8.78, 21.48 -0.32 M-0.93 29.87 C9.55 17.93, 20.22 9.34, 27.45 -0.94 M0.15 30.37 C5.93 22.26, 14.34 13.92, 25.35 0.81 M1.74 37.99 C11.14 21.19, 21.71 8.55, 31.43 0.99 M-0.06 36.36 C12.1 22.17, 25.15 7, 32.21 0.66 M0.73 42.27 C14.13 26.3, 24.88 13.32, 38.61 2.13 M-0.6 41.77 C6.66 33.8, 15.64 25.62, 37.8 0.29 M1.04 47.11 C9.9 39.55, 18.31 26.43, 42.94 0.67 M-0.84 48.55 C10.15 36.47, 19.5 26.02, 43.25 -0.3 M1.4 54.4 C13.08 41.14, 28.04 26.01, 45.78 1.48 M0.7 54.07 C16.91 36.77, 31.57 16.96, 46.79 -0.26 M0.94 59.74 C17.47 44.9, 31.9 28.17, 52.98 0.23 M0.11 61.11 C11.33 48.22, 23.37 33.79, 52.16 0.12 M-0.35 69.27 C10.91 53.15, 23.28 37.04, 57.54 -0.48 M-0.18 66.5 C16.98 49.27, 32.48 30.14, 58.33 -0.72 M0.26 72.04 C13.47 59.04, 26.78 41.49, 64.71 0.99 M-0.35 73.31 C23.96 47.36, 45 19.42, 63.89 0.35 M-1.81 80.43 C22.17 54.32, 46.44 28.15, 70.63 1.47 M-0.08 79.09 C25.46 49.35, 49.83 21.67, 68.82 1.12 M2 86.98 C16.59 64.58, 31.26 45.99, 75.47 1.08 M1.08 84.48 C18.05 64.04, 36.22 42.63, 74.81 -0.08 M1.95 90.27 C31.66 57.06, 58.46 26.2, 78.01 -0.63 M1.53 88.97 C19.37 70.49, 35.74 51.38, 79.08 -0.41 M7.91 90.81 C31.65 59.18, 55.27 30.93, 84.81 -0.55 M6.64 90.52 C30.12 62.58, 54.39 34.87, 84.69 -0.57 M11.27 87.93 C37.28 61.18, 61.91 31.28, 88.81 0.09 M11.88 88.34 C43.85 54.91, 72.56 18.3, 90.34 -0.9 M18.76 91.15 C47.3 57.16, 76.36 23.44, 91.83 2.88 M17.81 89.99 C46.39 58.26, 73.74 26.99, 92.08 3.61 M21.61 88.74 C41.97 64.33, 66.33 42.23, 93.12 9.57 M22.47 89.84 C46.97 61.49, 70.64 33.04, 93.01 8.45 M30.18 87.94 C44.13 69.87, 62.44 49.77, 91.19 13.97 M29.16 89.03 C44.22 72.01, 60.64 52.53, 92.31 15.29 M35.11 91.02 C53.33 63.32, 74.29 40.27, 91.74 20.54 M34.77 89.39 C46.72 72.63, 60.73 58.53, 92.4 20.46 M37.92 91.42 C58.03 65.87, 79.37 40.58, 92.86 25.06 M39.59 89.38 C49.64 76.41, 62.54 63.23, 93.25 27.32 M44.13 89.89 C54.48 77.2, 68.49 63.55, 94.95 34.99 M43.64 90.02 C60.9 70.76, 75.41 51.69, 93.55 32.54 M49.93 90.61 C60.12 77.63, 69.69 65.59, 93.15 38.34 M50.43 88.85 C62.27 75.15, 76.4 59.18, 94.29 38.69 M55.22 89.3 C68.57 75.94, 79.48 60.18, 91.98 43.79 M55.35 89.83 C63.43 80.51, 72.69 70.22, 92.65 44.24 M58.34 89.38 C68.63 78.73, 80.04 66.9, 93.85 53.57 M59.4 89.34 C71.68 75.58, 85.3 61.3, 93.58 52.22 M65.1 90.03 C71.84 81.36, 76.43 74.07, 92.9 55.84 M65.58 88.04 C71.51 81.84, 76.13 75.3, 92.95 56.42 M71.46 90.38 C80.13 80.78, 86.96 70.27, 92.95 65.06 M70.63 88.86 C77.93 81.65, 84.56 72.37, 92.63 63.59 M76.67 89.62 C84.29 83.12, 88.72 75.97, 91.96 70.87 M75.4 88.93 C81.73 84.28, 86.4 78.52, 94.12 70.07 M81.78 90.92 C85.36 85.64, 86.29 81.8, 92.7 74.36 M80.72 89.49 C83.25 87.3, 85.82 83.94, 92.48 75.8 M86.38 90.44 C88.87 87.4, 90.06 84.74, 91.94 81.15 M86.52 89.16 C88.76 86.58, 90.87 84.16, 93.25 82.55\" stroke=\"#be4bdb\" stroke-width=\"0.5\" fill=\"none\"></path><path d=\"M1.52 -0.68 C23.77 0.14, 47.14 0.98, 89.75 -0.68 M0.15 -0.95 C19.58 -0.86, 40.22 0.26, 89.51 -0.1 M89.4 -1.54 C90.58 32.04, 90.38 61.88, 88.73 86.86 M91.29 0.7 C90.88 26.46, 90.63 53.65, 89.69 88.41 M91.77 86.61 C58.43 84.97, 22.35 86.06, -1.44 86.7 M89.96 88.52 C59.37 87.82, 28.37 86.38, -0.6 87.8 M1.07 85.93 C0.42 59.88, 0.68 34.32, 0.82 1.1 M-0.02 86.79 C1.17 65.05, 0.54 40.76, 0.93 -0.17\" stroke=\"#000000\" stroke-width=\"1\" fill=\"none\"></path></g><g stroke-linecap=\"round\" transform=\"translate(376.76113815890335 392.61371445798545) rotate(294.35798968436285 40.44600077335093 38.710008889453064)\"><path d=\"M41.17 -1.86 L82.02 38.84 L40.77 78.61 L1.65 40.11\" stroke=\"none\" stroke-width=\"0\" fill=\"#4c6ef5\" fill-rule=\"evenodd\"></path><path d=\"M40.39 0.14 C54.83 15.86, 72.12 30.35, 79.66 38.24 M40.89 -0.66 C56.58 16.32, 72.03 30.07, 81.41 39.66 M82 38.71 C66.23 50.36, 54.19 63.86, 42.09 79.38 M80.37 38.66 C68.06 51.52, 54.6 64.45, 41.76 77.97 M40.75 78.33 C27.73 64.88, 17.71 56.7, 1.88 37.05 M40.25 76.57 C27.92 65.7, 15.39 53.84, 0.04 38.3 M-1.81 38.95 C11.84 27.86, 19.93 20.27, 41.81 -1.3 M-0.37 39.13 C10.4 28.02, 22.76 18.54, 40.83 -0.23\" stroke=\"#000000\" stroke-width=\"1\" fill=\"none\"></path></g><g transform=\"translate(60.22886914913457 387.32599100918617) rotate(338.5870305251282 40.5 14.5)\"><text x=\"0\" y=\"23\" font-family=\"Helvetica, Segoe UI Emoji\" font-size=\"20px\" fill=\"#d9480f\" text-anchor=\"start\" style=\"white-space: pre;\" direction=\"ltr\">旋转文字</text></g><g stroke-linecap=\"round\"><g transform=\"translate(543.5014051164967 336.6957163378038) rotate(0 -39.32882755824835 37.652141831098135)\"><path d=\"M0.44 -0.4 C-12.48 11.96, -64.48 62.6, -77.47 75.27 M-0.78 -1.65 C-13.77 11.42, -64.98 63.67, -77.8 76.79\" stroke=\"#000000\" stroke-width=\"1\" fill=\"none\"></path></g><g transform=\"translate(543.5014051164967 336.6957163378038) rotate(0 -39.32882755824835 37.652141831098135)\"><path d=\"M-66.07 51.44 C-69.02 59.8, -72.28 67.99, -78.49 76.19 M-66.08 48.86 C-70.03 58.77, -74.5 67.43, -78.41 76.79\" stroke=\"#000000\" stroke-width=\"1\" fill=\"none\"></path></g><g transform=\"translate(543.5014051164967 336.6957163378038) rotate(0 -39.32882755824835 37.652141831098135)\"><path d=\"M-51.41 65.8 C-59 69.8, -66.77 73.58, -78.49 76.19 M-51.41 63.22 C-60.15 68.32, -69.44 72.26, -78.41 76.79\" stroke=\"#000000\" stroke-width=\"1\" fill=\"none\"></path></g></g><g transform=\"translate(532.84375 390) rotate(0 78.5 14.5)\"><text x=\"0\" y=\"23\" font-family=\"Helvetica, Segoe UI Emoji\" font-size=\"20px\" fill=\"#000000\" text-anchor=\"start\" style=\"white-space: pre;\" direction=\"ltr\">&gt; 一些代码 blabla</text></g><g transform=\"translate(57.670708955223915 49.008108108108104) rotate(0 98.5 22)\"><text x=\"0\" y=\"36\" font-family=\"Virgil, Segoe UI Emoji\" font-size=\"39.25486991656494px\" fill=\"#c92a2a\" text-anchor=\"start\" style=\"white-space: pre;\" direction=\"ltr\">很大的文字</text></g><g stroke-linecap=\"round\" transform=\"translate(506.84375 116.5) rotate(343.0507757661785 66.5 29.000000000000004)\"><path d=\"M3.07 19.89 C3.07 19.89, 3.07 19.89, 3.07 19.89 M3.07 19.89 C3.07 19.89, 3.07 19.89, 3.07 19.89 M0.94 28.14 C7.01 22.06, 10.76 17.48, 15.98 10.68 M2.99 27.01 C5.26 22.79, 8.79 18.82, 16.55 10.91 M4.31 32.8 C8.8 23, 19.97 14.81, 24.13 9.21 M2.41 33.24 C8.75 25.33, 14.62 19.34, 22.89 9.67 M3.75 38.78 C11.83 29.27, 16.31 20.73, 28.81 7.88 M2.91 38.25 C10.62 29.71, 16.16 23.18, 28.99 7.35 M7.14 38.98 C18.27 26.38, 29.99 12.79, 35.92 6.92 M6.91 40.45 C15.96 27.58, 27.4 16.94, 36.66 6.65 M9.26 43.73 C21.73 28.86, 30.19 19.6, 44.31 3.82 M10.63 43.42 C17.33 33.06, 26.01 24.55, 42.45 3.39 M10.77 47.13 C27.32 29.7, 43.85 12.41, 52.06 0.51 M12.43 45.79 C22.37 33.04, 32.44 23.23, 51.39 1.13 M14.59 48.96 C31.01 32.92, 42.22 17.39, 55.01 -0.03 M14.71 48.71 C25.76 37.5, 33.96 26.82, 56.95 1.44 M20.32 50.24 C30.14 34.6, 45.24 20.97, 62.89 2.04 M17.7 51.03 C31.21 36.97, 41.52 22.47, 60.61 1.18 M23.87 51.44 C39.49 33.64, 55.2 17.84, 67.21 3.12 M22.58 50.98 C35.49 36.89, 48.4 21.39, 67.15 1.86 M27.94 52.56 C42.96 36.67, 55.46 22.16, 72.31 3.02 M27.35 53.89 C38.59 40.28, 50.35 27.63, 71.21 1.97 M32.33 52.24 C47.62 36.19, 61.82 20.53, 77.61 0.08 M32.61 54.84 C46.42 37.26, 62.42 18.42, 76.92 1.72 M34.97 56.93 C48.56 41.8, 59.7 31.13, 81.44 1.81 M36.03 55.35 C47.44 40.38, 60.49 25.35, 81.18 3.19 M42.34 56.47 C58.01 38.89, 72.63 17.63, 87.34 4.5 M40.18 56.59 C53 42.74, 64.89 28.95, 85.43 3.56 M43.82 55.75 C58.02 41.39, 71.74 25.5, 92.49 2.6 M44.31 56.56 C54.74 46.28, 65.71 33.64, 91.43 4 M49.38 59.06 C62.53 42.05, 77.01 27.57, 96.67 5.83 M47.55 60.02 C58.36 46.57, 68.63 36.31, 95.8 4.39 M55.97 57.22 C69.94 37.14, 90.48 18.04, 98.74 5.11 M54.66 59.17 C66.3 45, 78.77 30.08, 99.8 6.75 M57.94 60.23 C69.58 45.81, 84.23 31.27, 102.94 7.61 M59.91 57.86 C75.55 40.51, 91.07 21.69, 105.13 7.94 M63.36 58.12 C80.49 40.54, 98.53 21.16, 106.62 7.41 M64.87 58.02 C76.5 45.38, 90.33 28.78, 109.1 7.81 M69.06 59.81 C84.97 41.49, 102.25 23.63, 111.95 7.64 M70.82 58.08 C82.42 46.5, 93.53 32.96, 113.75 8.91 M75.05 57.27 C90.41 40.75, 104.77 21.49, 116.98 11.85 M76.68 58.7 C89.83 43.62, 102.58 26.84, 116.4 11.47 M82.17 57.39 C95.9 40.96, 111.1 23.78, 119.31 13.6 M82.05 56.13 C95.32 41.52, 108.78 26.99, 120.69 12.5 M87.85 56.57 C99.85 43.41, 114.21 26.8, 123.8 15.13 M88.43 56.49 C99.12 45.28, 108.68 32.75, 123.78 16.03 M94.46 54.15 C103.71 46.79, 109.04 35.88, 124.33 19.69 M95.01 54.64 C101.64 47.4, 107.54 39.14, 125.5 19.06 M103.02 52.74 C109.26 43.61, 114.84 34.91, 130.77 22.47 M101.78 54.17 C108.34 44.31, 115.27 35.91, 128.84 21.97 M107.59 53.85 C114.74 46.31, 119.26 39.44, 131.44 22.17 M107.39 52.51 C115.37 44.45, 123.49 34.4, 131.72 23.71 M113.61 49.54 C118.5 45.16, 126.91 39.15, 131.45 29.2 M112.96 50.22 C116.77 46.83, 122.05 42.99, 130.9 31.54 M17.65 49.82 C17.65 49.82, 17.65 49.82, 17.65 49.82 M17.65 49.82 C17.65 49.82, 17.65 49.82, 17.65 49.82 M27.07 50.52 C17.46 44.89, 11.21 38.11, 3.36 33.28 M25.51 51.54 C20.69 46.96, 14.9 42.81, 5.1 33.27 M34.15 53.39 C21.69 43.25, 12.68 32.35, 3.59 29.11 M35.64 54.47 C25.1 46.21, 14.31 35.38, 4.6 28.72 M42.78 57.57 C35.21 49.64, 24.5 37.07, 3.43 23.99 M43.7 58.06 C35.98 49.89, 27.46 41.7, 5.82 22.65 M48.98 56.92 C38.28 47.26, 25.66 37.15, 5.94 16.63 M48.21 54.79 C36.69 43.58, 24.27 33.03, 4.98 17.09 M56.05 57.38 C41.89 44.19, 27.33 34.72, 7.27 15.95 M54.6 55.15 C44.05 46.42, 32.01 35.25, 7.97 14.21 M60.74 55.65 C50.76 45.35, 40.28 37.46, 12.65 12.15 M60.92 55.83 C48.24 44.15, 34.38 34.25, 11.84 13.05 M66.73 55.85 C49.51 40.03, 30.27 23.49, 14.88 10.89 M66.65 56.04 C56.41 45.95, 47.02 36.84, 14.68 11.2 M71.44 54.69 C53.94 41.68, 34.71 26.33, 17.65 10.26 M73.05 56.11 C60.83 44.16, 47.79 33.92, 18.42 9.33 M77.75 53.6 C64.68 43.94, 55.67 34.35, 22.93 5.8 M78.21 55.33 C62.27 39.73, 46.36 27.07, 21.61 5.81 M85.26 55.76 C67.32 39.99, 50.71 27.39, 27.35 3.35 M83.88 54.42 C61.04 35.69, 39.28 16.01, 27.28 5.09 M88.77 53.75 C74.12 40.94, 62.83 29.62, 33.05 4.16 M89.23 52.82 C77.87 42.9, 65.84 31.98, 31.22 4.37 M94.82 51.12 C69.84 33.62, 49.05 14.56, 34.57 4.38 M92.98 51.76 C75.6 36.95, 55.33 19.97, 36.27 2.71 M97.88 52.03 C83.63 39.11, 73.67 30.39, 42.77 0.08 M98.92 51.52 C88.09 39.87, 75.23 30.09, 41.7 1.51 M104.18 50.23 C83.4 32.53, 59.65 11.79, 46.6 -1.13 M103.23 49.95 C88.41 37.81, 73.12 25, 46.48 -0.2 M107.11 50.02 C96.33 41.23, 86 28.5, 51.35 -1.16 M109.29 48.98 C96.65 37.14, 82.42 25.13, 50.85 0.67 M114.84 50.49 C102.62 39.04, 90.05 26.52, 58.67 -1.78 M114.75 48.44 C100.93 37.75, 87.27 24.44, 57.85 0.51 M117.17 46.58 C104.8 34.84, 92 25.66, 64.99 -1.03 M117.84 46.68 C97.9 30.12, 77.12 11.72, 65.2 0.18 M120.95 44.57 C103.59 30.43, 88.68 15.04, 69.4 -0.25 M120.18 43.61 C103.19 28.64, 85.65 14.7, 70.54 1.55 M123.94 41.79 C115.45 33.94, 104.36 23.47, 79.28 2.9 M124.12 41.97 C113.52 32.23, 101.75 22.67, 76.56 1.99 M126.91 40.25 C112.47 25.23, 99.34 15.56, 84.65 2.03 M128.25 38.56 C116.93 29.91, 107.28 21.04, 82.76 1.55 M131.04 36.9 C120.73 26.52, 110.34 19.92, 85.53 -0.98 M130.24 36.03 C116.43 24.63, 103.2 12.27, 86.27 -0.42 M132.51 31.98 C124.33 24.1, 114.89 18.89, 95.91 -0.5 M130.91 32.78 C123.83 25.63, 115.19 17.24, 95.24 -0.33 M129.95 28.51 C123.95 22.19, 116.21 12.86, 103.51 0.75 M131.04 26.05 C122.37 18.78, 114.49 11.85, 102.01 1.18\" stroke=\"#7950f2\" stroke-width=\"0.5\" fill=\"none\"></path><path d=\"M84.7 1.81 C95.31 2.54, 107.41 4.57, 115.2 8.11 C122.98 11.65, 128.88 18.17, 131.39 23.05 C133.89 27.92, 133.22 32.75, 130.23 37.35 C127.23 41.95, 121.46 47.37, 113.4 50.62 C105.34 53.87, 92.91 55.65, 81.86 56.84 C70.81 58.02, 57.82 58.91, 47.09 57.72 C36.36 56.52, 24.92 53.26, 17.49 49.68 C10.06 46.11, 4.91 41.21, 2.5 36.26 C0.09 31.3, -0.03 24.71, 3.01 19.96 C6.06 15.22, 12.78 11.02, 20.78 7.79 C28.77 4.56, 39.18 1.59, 51 0.57 C62.81 -0.44, 83.62 1.03, 91.69 1.68 C99.76 2.34, 99.77 4.07, 99.43 4.52 M89.81 2.5 C99.86 3.44, 111.07 5.45, 118.15 9.34 C125.23 13.24, 130.44 20.94, 132.29 25.88 C134.14 30.83, 133.26 34.52, 129.28 39 C125.3 43.49, 117.01 49.72, 108.41 52.78 C99.81 55.84, 88.42 57.04, 77.66 57.36 C66.9 57.69, 54.45 56.3, 43.85 54.73 C33.25 53.16, 21.39 51.58, 14.06 47.94 C6.73 44.3, 1.55 37.62, -0.14 32.88 C-1.84 28.14, -0.4 23.7, 3.89 19.48 C8.19 15.26, 16.9 10.53, 25.61 7.55 C34.31 4.56, 45.49 2.55, 56.1 1.57 C66.71 0.6, 83.56 1.65, 89.26 1.68 C94.97 1.71, 90.64 1.05, 90.34 1.77\" stroke=\"#000000\" stroke-width=\"1\" fill=\"none\"></path></g><g stroke-linecap=\"round\" transform=\"translate(5 493.08473820793574) rotate(0 340 73)\"><path d=\"M0.03 -0.22 C243 -0.69, 486.34 -0.32, 680.27 -0.17 M0.15 0.36 C170.48 -1.61, 341.42 -1.71, 680.13 0.13 M681.44 1.55 C683.16 42.17, 681.05 82.7, 679.31 147.77 M679.2 0.84 C678.98 41.91, 679.39 82.81, 680.95 146.47 M680.56 145.65 C497.84 145.65, 317.23 145.07, -0.13 146.02 M680.19 146.37 C477.02 144.74, 274.44 144.26, 0.33 145.88 M-1.24 146.92 C-0.06 112.88, -0.11 78.69, 1.59 1.45 M0.33 146.79 C0.47 88.89, 0.76 31.36, 0.69 -0.42\" stroke=\"#000000\" stroke-width=\"1\" fill=\"none\"></path></g><g transform=\"translate(10 500.08473820793574) rotate(0 335 66)\"><text x=\"0\" y=\"18\" font-family=\"Virgil, Segoe UI Emoji\" font-size=\"20px\" fill=\"#000000\" text-anchor=\"start\" style=\"white-space: pre;\" direction=\"ltr\">Nate的小提示</text><text x=\"0\" y=\"40\" font-family=\"Virgil, Segoe UI Emoji\" font-size=\"20px\" fill=\"#000000\" text-anchor=\"start\" style=\"white-space: pre;\" direction=\"ltr\"></text><text x=\"0\" y=\"62\" font-family=\"Virgil, Segoe UI Emoji\" font-size=\"20px\" fill=\"#000000\" text-anchor=\"start\" style=\"white-space: pre;\" direction=\"ltr\">1. 双击编辑文字</text><text x=\"0\" y=\"84\" font-family=\"Virgil, Segoe UI Emoji\" font-size=\"20px\" fill=\"#000000\" text-anchor=\"start\" style=\"white-space: pre;\" direction=\"ltr\">2. 按shift + enter 换行</text><text x=\"0\" y=\"106\" font-family=\"Virgil, Segoe UI Emoji\" font-size=\"20px\" fill=\"#000000\" text-anchor=\"start\" style=\"white-space: pre;\" direction=\"ltr\">3. 画出一个图形后，选中图形，按回车键可以生成和图形绑定的文字输入框</text><text x=\"0\" y=\"128\" font-family=\"Virgil, Segoe UI Emoji\" font-size=\"20px\" fill=\"#000000\" text-anchor=\"start\" style=\"white-space: pre;\" direction=\"ltr\">4. 箭头形状可以连接两个图形边缘，然后可以拖动</text></g></svg>"}